-- MySQL dump 10.13  Distrib 5.7.28, for Linux (x86_64)
--
-- Host: localhost    Database: mini_data
-- ------------------------------------------------------
-- Server version	5.7.28-0ubuntu0.18.04.4

/*!40101 SET @OLD_CHARACTER_SET_CLIENT=@@CHARACTER_SET_CLIENT */;
/*!40101 SET @OLD_CHARACTER_SET_RESULTS=@@CHARACTER_SET_RESULTS */;
/*!40101 SET @OLD_COLLATION_CONNECTION=@@COLLATION_CONNECTION */;
/*!40101 SET NAMES utf8 */;
/*!40103 SET @OLD_TIME_ZONE=@@TIME_ZONE */;
/*!40103 SET TIME_ZONE='+00:00' */;
/*!40014 SET @OLD_UNIQUE_CHECKS=@@UNIQUE_CHECKS, UNIQUE_CHECKS=0 */;
/*!40014 SET @OLD_FOREIGN_KEY_CHECKS=@@FOREIGN_KEY_CHECKS, FOREIGN_KEY_CHECKS=0 */;
/*!40101 SET @OLD_SQL_MODE=@@SQL_MODE, SQL_MODE='NO_AUTO_VALUE_ON_ZERO' */;
/*!40111 SET @OLD_SQL_NOTES=@@SQL_NOTES, SQL_NOTES=0 */;

--
-- Table structure for table `disease_symptom`
--

DROP TABLE IF EXISTS `disease_symptom`;
/*!40101 SET @saved_cs_client     = @@character_set_client */;
/*!40101 SET character_set_client = utf8 */;
CREATE TABLE `disease_symptom` (
  `disease_code` varchar(30) NOT NULL,
  `symptom_code` varchar(30) NOT NULL,
  `id` int(5) NOT NULL AUTO_INCREMENT,
  PRIMARY KEY (`id`),
  KEY `disease_code` (`disease_code`),
  KEY `symptom_code` (`symptom_code`),
  CONSTRAINT `disease_symptom_ibfk_1` FOREIGN KEY (`disease_code`) REFERENCES `diseases` (`code`),
  CONSTRAINT `disease_symptom_ibfk_2` FOREIGN KEY (`symptom_code`) REFERENCES `symptoms` (`code`)
) ENGINE=InnoDB AUTO_INCREMENT=1933 DEFAULT CHARSET=latin1;
/*!40101 SET character_set_client = @saved_cs_client */;

--
-- Dumping data for table `disease_symptom`
--

LOCK TABLES `disease_symptom` WRITE;
/*!40000 ALTER TABLE `disease_symptom` DISABLE KEYS */;
INSERT INTO `disease_symptom` VALUES ('C0020538','C0008031',1),('C0020538','C0392680',2),('C0020538','C0012833',3),('C0020538','C0004093',4),('C0020538','C0085639',5),('C0020538','C0039070',6),('C0020538','C0042571',7),('C0020538','C0038990',8),('C0020538','C0700590',9),('C0020538','C0030252',10),('C0020538','C0027497',11),('C0020538','C0002962',12),('C0020538','C0438716',13),('C0011847','C0032617',14),('C0011847','C0085602',15),('C0011847','C0392680',16),('C0011847','C0008031',17),('C0011847','C0004093',18),('C0011847','C0027497',19),('C0011847','C0085619',20),('C0011847','C0034642',21),('C0011847','C0038990',22),('C0011847','C0700590',23),('C0011847','C0241526',24),('C0011847','C0856054',25),('C0011847','C0042571',26),('C0011847','C0042963',27),('C0011847','C0553668',28),('C0011581','C0424000',29),('C0011581','C0438696',30),('C0011581','C0233762',31),('C0011581','C0150041',32),('C0011581','C0424109',33),('C0011581','C0917801',34),('C0011581','C0424230',35),('C0011581','C0022107',36),('C0011581','C0312422',37),('C0011581','C0344315',38),('C0011581','C0233763',39),('C0011581','C0233481',40),('C0011581','C0085631',41),('C0011581','C0040822',42),('C0011581','C0728899',43),('C0011581','C0424068',44),('C0011581','C0455769',45),('C0011581','C1299586',46),('C0011581','C0028084',47),('C0011581','C0235198',48),('C0011581','C0237154',49),('C0010054','C0008031',50),('C0010054','C0002962',51),('C0010054','C0392680',52),('C0010054','C0086439',53),('C0010054','C0038990',54),('C0010054','C0700590',55),('C0010054','C0438716',56),('C0010054','C0231807',57),('C0010054','C0085619',58),('C0010054','C0232292',59),('C0032285','C0010200',60),('C0032285','C0015967',61),('C0032285','C0029053',62),('C0032285','C0392680',63),('C0032285','C0034642',64),('C0032285','C0239134',65),('C0032285','C0008033',66),('C0032285','C0457096',67),('C0032285','C0238844',68),('C0032285','C0085593',69),('C0032285','C0035508',70),('C0032285','C0457097',71),('C0032285','C0850149',72),('C0032285','C0043144',73),('C0032285','C0019079',74),('C0032285','C0476273',75),('C0032285','C0231835',76),('C0032285','C0231218',77),('C0032285','C0028081',78),('C0018802','C0392680',79),('C0018802','C0085619',80),('C0018802','C0240100',81),('C0018802','C0034642',82),('C0018802','C0013404',83),('C0018802','C0010200',84),('C0018802','C0043144',85),('C0038454','C0013362',86),('C0038454','C0004093',87),('C0038454','C0234518',88),('C0038454','C0427055',89),('C0038454','C0018991',90),('C0038454','C0241526',91),('C0038454','C0036572',92),('C0038454','C0028643',93),('C0004096','C0043144',94),('C0004096','C0010200',95),('C0004096','C0392680',96),('C0004096','C0232292',97),('C0004096','C0850149',98),('C0004096','C0008033',99),('C0004096','C0239134',100),('C0004096','C0436331',101),('C0004096','C0476273',102),('C0027051','C0008031',103),('C0027051','C0520886',104),('C0027051','C0038990',105),('C0027051','C0700590',106),('C0027051','C0392680',107),('C0027051','C0520887',108),('C0027051','C0086439',109),('C0027051','C0002962',110),('C0027051','C0438716',111),('C0027051','C0520888',112),('C0027051','C0085619',113),('C0027051','C0034642',114),('C0027051','C0232292',115),('C0027051','C1305739',116),('C0027051','C0030252',117),('C0027051','C0013404',118),('C0027051','C0235710',119),('C0027051','C0428977',120),('C0027051','C0039070',121),('C0020443','C0030193',122),('C0020443','C0008031',123),('C0020443','C0038990',124),('C0020443','C0700590',125),('C0020443','C0337672',126),('C0020443','C0438716',127),('C0020443','C0039070',128),('C0020443','C0028643',129),('C0020443','C0235710',130),('C0020443','C0392680',131),('C0020443','C0520887',132),('C0020443','C0233481',133),('C0020443','C0520888',134),('C0020443','C0428977',135),('C0020443','C0013404',136),('C0021311','C0015967',137),('C0021311','C0041834',138),('C0021311','C0029053',139),('C0021311','C0019214',140),('C0021311','C0085593',141),('C0021311','C0033774',142),('C0021311','C0011991',143),('C0021311','C0549483',144),('C0021311','C0038999',145),('C0021311','C0030193',146),('C0021311','C0277797',147),('C0021311','C0010200',148),('C0042029','C0015967',149),('C0042029','C0013428',150),('C0042029','C0018965',151),('C0042029','C0235634',152),('C0042029','C0023380',153),('C0042029','C0004093',154),('C0042029','C0020625',155),('C0042029','C0578150',156),('C0042029','C0476273',157),('C0042029','C0241705',158),('C0042029','C0856054',159),('C0042029','C0239110',160),('C0002871','C0085593',161),('C0002871','C0744492',162),('C0002871','C0746619',163),('C0002871','C0013491',164),('C0002871','C1269955',165),('C0002871','C0019080',166),('C0002871','C0030232',167),('C0002871','C0004093',168),('C0002871','C0015672',169),('C0002871','C0744740',170),('C0002871','C0004604',171),('C0002871','C0149746',172),('C0002871','C0020625',173),('C0002871','C0012833',174),('C0002871','C0392680',175),('C0002871','C0030193',176),('C0002871','C0035508',177),('C0002871','C0003862',178),('C0002871','C0038999',179),('C0002871','C1096646',180),('C0024117','C0392680',181),('C0024117','C0043144',182),('C0024117','C0010200',183),('C0024117','C0013404',184),('C0024117','C0476273',185),('C0024117','C0241235',186),('C0024117','C0700292',187),('C0024117','C0020440',188),('C0024117','C0376405',189),('C0024117','C0232292',190),('C0497327','C0015967',191),('C0497327','C0085639',192),('C0497327','C0241526',193),('C0497327','C0023380',194),('C0497327','C0085631',195),('C0497327','C0013491',196),('C0497327','C0039070',197),('C0497327','C0034642',198),('C0497327','C0041657',199),('C0497327','C0010200',200),('C0497327','C0425251',201),('C0497327','C0030193',202),('C0497327','C0427055',203),('C0497327','C0232498',204),('C0497327','C0035508',205),('C0497327','C1273573',206),('C0497327','C0233762',207),('C1565489','C0392680',208),('C1565489','C0020461',209),('C1565489','C0085619',210),('C1565489','C0034642',211),('C1565489','C0085606',212),('C1565489','C0003962',213),('C1565489','C0744492',214),('C1565489','C0004093',215),('C1565489','C0277797',216),('C1565489','C0856054',217),('C1565489','C0013404',218),('C1565489','C1299586',219),('C1565489','C0011991',220),('C1565489','C0020649',221),('C1565489','C0238844',222),('C1565489','C0038999',223),('C1565489','C0086439',224),('C0009676','C0036572',225),('C0009676','C0014394',226),('C0009676','C0023380',227),('C0009676','C0234518',228),('C0009676','C0085639',229),('C0009676','C0239110',230),('C0009676','C0856054',231),('C0009676','C0232766',232),('C0009676','C0041657',233),('C0009676','C0085631',234),('C0009676','C0231530',235),('C0009676','C0004093',236),('C0009676','C0234450',237),('C0009676','C0012833',238),('C0009676','C0018681',239),('C0009676','C0013362',240),('C0009676','C0220870',241),('C0009676','C0040822',242),('C0009676','C0020625',243),('C0009676','C0241526',244),('C0029408','C0030193',245),('C0029408','C0149696',246),('C0029408','C0239832',247),('C0029408','C0858924',248),('C0029408','C0013144',249),('C0029408','C0004093',250),('C0029408','C0337672',251),('C0029408','C0850149',252),('C0029408','C0085602',253),('C0029408','C0427008',254),('C0029408','C1273573',255),('C0020676','C0392680',256),('C0020676','C0242453',257),('C0020676','C0234450',258),('C0020676','C0020625',259),('C0020676','C0085639',260),('C0020676','C1273573',261),('C0020676','C0032617',262),('C0020676','C0020649',263),('C0020676','C1299586',264),('C0020676','C0039070',265),('C0020676','C0028084',266),('C0020676','C0234518',267),('C0020676','C0043094',268),('C0020676','C0004093',269),('C0020676','C0015672',270),('C0020676','C0085631',271),('C0020676','C0856054',272),('C0020676','C0424230',273),('C0020676','C0042963',274),('C0020676','C0028643',275),('C0020676','C0577559',276),('C0700613','C0233481',277),('C0700613','C0424000',278),('C0700613','C0438696',279),('C0700613','C0917801',280),('C0700613','C0150041',281),('C0700613','C0022107',282),('C0700613','C0040822',283),('C0700613','C0312422',284),('C0700613','C0424109',285),('C0700613','C0557075',286),('C0700613','C0027769',287),('C0700613','C0233763',288),('C0700613','C0016579',289),('C0700613','C1299586',290),('C0700613','C0008031',291),('C0700613','C0376405',292),('C0700613','C0085631',293),('C0700613','C0030252',294),('C0700613','C0233762',295),('C0700613','C0344315',296),('C0700613','C0600142',297),('C0700613','C0030193',298),('C0700613','C0239110',299),('C0700613','C0028084',300),('C0006826','C0030193',301),('C0006826','C0577559',302),('C0006826','C0221198',303),('C0006826','C0332601',304),('C0006826','C0878661',305),('C0006826','C0743482',306),('C0006826','C0043096',307),('C0006826','C0003962',308),('C0006826','C0019825',309),('C0006826','C0205400',310),('C0006826','C0018965',311),('C0001175','C0015967',312),('C0001175','C0028081',313),('C0001175','C0233308',314),('C0001175','C0010200',315),('C0001175','C0043096',316),('C0001175','C0085593',317),('C0001175','C0011991',318),('C0001175','C0008033',319),('C0001175','C0376405',320),('C0001175','C0231835',321),('C0001175','C0239134',322),('C0001175','C0026827',323),('C0001175','C0424000',324),('C0019693','C0015967',325),('C0019693','C0028081',326),('C0019693','C0233308',327),('C0019693','C0010200',328),('C0019693','C0043096',329),('C0019693','C0085593',330),('C0019693','C0011991',331),('C0019693','C0008033',332),('C0019693','C0376405',333),('C0019693','C0231835',334),('C0019693','C0239134',335),('C0019693','C0026827',336),('C0019693','C0424000',337),('C0007642','C0041834',338),('C0007642','C0030193',339),('C0007642','C0038999',340),('C0007642','C0332575',341),('C0007642','C0015967',342),('C0007642','C0549483',343),('C0007642','C0376405',344),('C0007642','C0020580',345),('C0007642','C0034880',346),('C0007642','C0033774',347),('C0007642','C0008031',348),('C0007642','C1384489',349),('C0007642','C0085593',350),('C0007642','C0234233',351),('C0017168','C0030193',352),('C0017168','C0008031',353),('C0017168','C0085624',354),('C0017168','C0020625',355),('C0017168','C0239233',356),('C0017168','C1444773',357),('C0017168','C0232292',358),('C0017168','C0234215',359),('C0017168','C1305739',360),('C0017168','C0027497',361),('C0017168','C0858924',362),('C0017168','C0009806',363),('C0017168','C0030252',364),('C0017168','C0000737',365),('C0017168','C0018834',366),('C0017168','C0038990',367),('C0017168','C0700590',368),('C0017168','C0004093',369),('C0243026','C0015967',370),('C0243026','C0476273',371),('C0243026','C0020649',372),('C0243026','C0231835',373),('C0243026','C0085593',374),('C0243026','C0023380',375),('C0243026','C0428977',376),('C0243026','C0006157',377),('C0243026','C0010520',378),('C0243026','C0233308',379),('C0243026','C0019080',380),('C0243026','C0241526',381),('C0243026','C0034642',382),('C0243026','C0277797',383),('C1090821','C0015967',384),('C1090821','C0476273',385),('C1090821','C0020649',386),('C1090821','C0231835',387),('C1090821','C0085593',388),('C1090821','C0023380',389),('C1090821','C0428977',390),('C1090821','C0006157',391),('C1090821','C0010520',392),('C1090821','C0233308',393),('C1090821','C0019080',394),('C1090821','C0241526',395),('C1090821','C0034642',396),('C1090821','C0277797',397),('C0149871','C0038999',398),('C0149871','C0030193',399),('C0149871','C0013491',400),('C0149871','C0392680',401),('C0149871','C0023222',402),('C0149871','C0018800',403),('C0149871','C0034642',404),('C0149871','C0041834',405),('C0149871','C0020649',406),('C0149871','C0009024',407),('C0149871','C0850149',408),('C0149871','C0332575',409),('C0011175','C0015967',410),('C0011175','C0011991',411),('C0011175','C0042963',412),('C0011175','C0020649',413),('C0011175','C0027497',414),('C0011175','C0220870',415),('C0011175','C0857256',416),('C0011175','C0856054',417),('C0011175','C0003123',418),('C0011175','C0004093',419),('C0011175','C0234215',420),('C0011175','C0039070',421),('C0011175','C0023380',422),('C0011175','C0012833',423),('C0011175','C0039070',424),('C0011175','C0312422',425),('C0011175','C0424533',426),('C0027651','C0577559',427),('C0027651','C0221198',428),('C0027651','C0008031',429),('C0027651','C0018965',430),('C0027651','C1269955',431),('C0027651','C0030193',432),('C0027651','C0003126',433),('C0027651','C0205400',434),('C0027651','C1513183',435),('C0027651','C0149696',436),('C0027651','C0043096',437),('C0027651','C0028081',438),('C0027651','C0271202',439),('C0027651','C0239233',440),('C0027651','C0000737',441),('C0027651','C0018681',442),('C0034065','C0392680',443),('C0034065','C0700292',444),('C0034065','C0231835',445),('C0034065','C0744727',446),('C0034065','C0008031',447),('C0034065','C0013404',448),('C0034065','C0008033',449),('C0034065','C0151315',450),('C0034065','C0457096',451),('C0034065','C0239134',452),('C0034065','C0008767',453),('C0034065','C0241526',454),('C0034065','C0476273',455),('C0034065','C0043144',456),('C0034065','C0277797',457),('C0034065','C0850149',458),('C0014544','C0036572',459),('C0014544','C0347938',460),('C0014544','C0236018',461),('C0014544','C0231530',462),('C0014544','C0013144',463),('C0014544','C0040822',464),('C0014544','C0241526',465),('C0014544','C0018991',466),('C0014544','C0027066',467),('C0014544','C0232517',468),('C0014544','C0234450',469),('C0014544','C0023380',470),('C0014544','C0558195',471),('C0878544','C0392680',472),('C0878544','C0085619',473),('C0878544','C0086439',474),('C0878544','C0240100',475),('C0878544','C0030252',476),('C0878544','C0008031',477),('C0878544','C0039070',478),('C0878544','C0457096',479),('C0878544','C0034642',480),('C0878544','C0013404',481),('C0878544','C0231807',482),('C0878544','C0238705',483),('C0878544','C0015672',484),('C0878544','C0043094',485),('C0878544','C0376405',486),('C0022661','C0042963',487),('C0022661','C0085619',488),('C0022661','C0020461',489),('C0022661','C0028961',490),('C0022661','C0240100',491),('C0022661','C0027497',492),('C0022661','C0392680',493),('C0022661','C0856054',494),('C0022661','C0011991',495),('C0022661','C0004093',496),('C0022661','C0232292',497),('C0022661','C0231218',498),('C0022661','C0085593',499),('C0022661','C0034642',500),('C0022661','C0015967',501),('C0022661','C0008033',502),('C0022661','C0277797',503),('C0022661','C0744492',504),('C0022661','C0038999',505),('C0022661','C0007398',506),('C0022661','C0241526',507),('C0022661','C0457096',508),('C0007097','C0577559',509),('C0007097','C0030193',510),('C0007097','C0221198',511),('C0007097','C1269955',512),('C0007097','C0205400',513),('C0007097','C0043096',514),('C0007097','C0019825',515),('C0007097','C0858924',516),('C0007097','C1513183',517),('C0007097','C0850149',518),('C0007097','C0009806',519),('C0007097','C0847488',520),('C0007097','C0030554',521),('C0007097','C0232995',522),('C0007097','C0011991',523),('C0007097','C0234233',524),('C0007097','C0018834',525),('C0007097','C0027497',526),('C0007097','C0034079',527),('C0019196','C0003962',528),('C0019196','C0000731',529),('C0019196','C0424000',530),('C0019196','C0010200',531),('C0019196','C0234238',532),('C0019196','C0558143',533),('C0019196','C0581912',534),('C0019196','C0233762',535),('C0019196','C0085593',536),('C0019196','C0232766',537),('C0019196','C0376405',538),('C0085096','C0392680',539),('C0085096','C0234253',540),('C0085096','C0002962',541),('C0085096','C0241526',542),('C0085096','C0020461',543),('C0085096','C0232201',544),('C0085096','C0553668',545),('C0085096','C0013404',546),('C0085096','C0234233',547),('C0085096','C0003123',548),('C0085096','C0234450',549),('C0033975','C0438696',550),('C0033975','C0233762',551),('C0033975','C0424000',552),('C0033975','C0233763',553),('C0033975','C0424230',554),('C0033975','C0312422',555),('C0033975','C0424068',556),('C0033975','C0150041',557),('C0033975','C0022107',558),('C0033975','C0085631',559),('C0033975','C0040822',560),('C0033975','C0007398',561),('C0033975','C0424109',562),('C0033975','C0237154',563),('C0033975','C0917801',564),('C0033975','C0424092',565),('C0033975','C0455769',566),('C0033975','C0728899',567),('C0033975','C0233481',568),('C0033975','C0424295',569),('C0033975','C0376405',570),('C0033975','C0344315',571),('C0033975','C0558261',572),('C0033975','C0028084',573),('C0033975','C0239110',574),('C0020473','C0008031',575),('C0020473','C0002962',576),('C0020473','C0030252',577),('C0020473','C1305739',578),('C0020473','C0085635',579),('C0020473','C0038990',580),('C0020473','C0700590',581),('C0020473','C0235710',582),('C0020473','C0392680',583),('C0020473','C0392701',584),('C0020473','C0086439',585),('C0020473','C0018991',586),('C0020473','C0012833',587),('C0005586','C0424000',588),('C0005586','C0455769',589),('C0005586','C0438696',590),('C0005586','C0022107',591),('C0005586','C0085631',592),('C0005586','C0557075',593),('C0005586','C0578859',594),('C0005586','C0233762',595),('C0005586','C0424068',596),('C0005586','C0424109',597),('C0005586','C0424295',598),('C0005586','C0007398',599),('C0005586','C0150041',600),('C0005586','C0233481',601),('C0005586','C0917801',602),('C0005586','C0917799',603),('C0005586','C1299586',604),('C0005586','C0233763',605),('C0005586','C0020458',606),('C0005586','C0026961',607),('C0005586','C0234133',608),('C0005586','C0240233',609),('C0005586','C0728899',610),('C0005586','C0424230',611),('C0005586','C0237154',612),('C0005586','C0312422',613),('C0005586','C0040822',614),('C0005586','C0392674',615),('C0028754','C0030193',616),('C0028754','C0007398',617),('C0028754','C0037384',618),('C0028754','C0008031',619),('C0028754','C0429091',620),('C0028754','C0557075',621),('C0028754','C0392680',622),('C0028754','C0015672',623),('C0028754','C0497406',624),('C0028754','C0232257',625),('C0028754','C0344315',626),('C0028754','C0013491',627),('C0022116','C0234450',628),('C0022116','C0008031',629),('C0022116','C0002962',630),('C0022116','C0438716',631),('C0022116','C0235710',632),('C0022116','C0392680',633),('C0022116','C0013404',634),('C0022116','C0232201',635),('C0022116','C0428977',636),('C0022116','C0038990',637),('C0022116','C0700590',638),('C0022116','C0034642',639),('C0022116','C0231221',640),('C0022116','C0003123',641),('C1623038','C0003962',642),('C1623038','C0085639',643),('C1623038','C0038002',644),('C1623038','C0033774',645),('C1623038','C0000737',646),('C1623038','C1269955',647),('C1623038','C0000731',648),('C1623038','C0221198',649),('C1623038','C0578150',650),('C1623038','C0744492',651),('C1623038','C0234233',652),('C1623038','C0151706',653),('C0015230','C0015967',654),('C0015230','C0033774',655),('C0015230','C0332573',656),('C0015230','C0221198',657),('C0015230','C0332575',658),('C0015230','C0018681',659),('C0015230','C0277797',660),('C0015230','C0003862',661),('C0015230','C0038999',662),('C0015230','C0041834',663),('C0015230','C0085636',664),('C0015230','C0085593',665),('C0015230','C1384489',666),('C0015230','C0030193',667),('C0015230','C0221150',668),('C0005001','C0856054',669),('C0005001','C0006625',670),('C0005001','C0312422',671),('C0005001','C0149746',672),('C0005001','C0085619',673),('C0005001','C0028081',674),('C0005001','C0476273',675),('C0005001','C0003123',676),('C0005001','C0013362',677),('C0022660','C0020461',678),('C0022660','C0020649',679),('C0022660','C0020598',680),('C0022660','C0028961',681),('C0022660','C0578150',682),('C0022660','C0004093',683),('C0022660','C0020672',684),('C0022660','C0011991',685),('C0022660','C0019080',686),('C0022660','C0241526',687),('C0026266','C0392680',688),('C0026266','C0231807',689),('C0026266','C0231221',690),('C0026266','C0086439',691),('C0026266','C0013404',692),('C0026266','C0039070',693),('C0026266','C0205400',694),('C0026266','C0238705',695),('C0026266','C0030252',696),('C0026266','C0015672',697),('C0026266','C0042963',698),('C0026266','C0030193',699),('C0026266','C0018800',700),('C0026266','C0235710',701),('C0003864','C0030193',702),('C0003864','C0578150',703),('C0003864','C0917801',704),('C0003864','C0004093',705),('C0003864','C0039070',706),('C0003864','C0038999',707),('C0003864','C0741302',708),('C0003864','C0427108',709),('C0003864','C0392680',710),('C0003864','C0000731',711),('C0006277','C0010200',712),('C0006277','C0043144',713),('C0006277','C0392680',714),('C0006277','C0232292',715),('C0006277','C0015967',716),('C0006277','C0242429',717),('C0006277','C0239134',718),('C0006277','C0019214',719),('C0006277','C0028081',720),('C0006277','C0019079',721),('C0006277','C0553668',722),('C0006277','C1260880',723),('C0006277','C0239133',724),('C0006277','C0013404',725),('C0006277','C0085593',726),('C0006277','C0038450',727),('C0006277','C0043096',728),('C0018989','C0013362',729),('C0018989','C0030552',730),('C0018989','C0004093',731),('C0018989','C0221470',732),('C0018989','C0036572',733),('C0018989','C0234518',734),('C0018989','C0751495',735),('C0018989','C0018991',736),('C0018989','C0423571',737),('C0018989','C0241526',738),('C0018989','C0085628',739),('C0018989','C0234450',740),('C0018989','C0231890',741),('C0018989','C0271276',742),('C0018989','C0677500',743),('C0018989','C0522224',744),('C0018989','C0009024',745),('C0018989','C0427055',746),('C0029456','C0242453',747),('C0029456','C0085639',748),('C0029456','C0019572',749),('C0029456','C0558361',750),('C0029456','C0000731',751),('C0029456','C0042571',752),('C0029456','C0239832',753),('C0029456','C0233565',754),('C0029456','C0030193',755),('C0029456','C0039070',756),('C0029456','C0848168',757),('C0029456','C0277797',758),('C0029456','C0150045',759),('C0029456','C0220870',760),('C0007787','C0234518',761),('C0007787','C0013362',762),('C0007787','C0427055',763),('C0007787','C0004093',764),('C0007787','C0151315',765),('C0007787','C0042571',766),('C0007787','C0028643',767),('C0007787','C0220870',768),('C0007787','C0234133',769),('C0007787','C0271276',770),('C0007787','C0344232',771),('C0007787','C0018681',772),('C0007787','C0848277',773),('C0007787','C0039070',774),('C0007787','C1299586',775),('C0007787','C0423982',776),('C0007787','C0233844',777),('C0001418','C0577559',778),('C0001418','C0221198',779),('C0001418','C0043096',780),('C0001418','C0009806',781),('C0001418','C0231890',782),('C0001418','C0278014',783),('C0001418','C0239233',784),('C0001418','C0018932',785),('C0001418','C0231872',786),('C0001418','C0030193',787),('C0001418','C0008767',788),('C0001418','C0241158',789),('C0001418','C0000737',790),('C1456784','C0233762',791),('C1456784','C0233763',792),('C1456784','C0085631',793),('C1456784','C0022107',794),('C1456784','C0424068',795),('C1456784','C0424000',796),('C1456784','C0438696',797),('C1456784','C0558261',798),('C1456784','C0233647',799),('C1456784','C0237154',800),('C1456784','C0455769',801),('C1456784','C0344315',802),('C1456784','C0231187',803),('C1456784','C0008767',804),('C1456784','C0241158',805),('C1456784','C0312422',806),('C1456784','C0240233',807),('C0030305','C0042963',808),('C0030305','C0000737',809),('C0030305','C0027497',810),('C0030305','C0030193',811),('C0030305','C0011991',812),('C0030305','C0241252',813),('C0030305','C0424790',814),('C0030305','C0277797',815),('C0030305','C0234233',816),('C0021167','C0221166',817),('C0021167','C0036572',818),('C0021167','C0004093',819),('C0021167','C0150045',820),('C0021167','C0041657',821),('C0021167','C0236018',822),('C0021167','C0554980',823),('C0021167','C0877040',824),('C0021167','C0040822',825),('C0021167','C0037763',826),('C0021167','C0847488',827),('C0021167','C0039070',828),('C0021167','C0085639',829),('C0021167','C0427008',830),('C0021167','C0241526',831),('C0013405','C0085619',832),('C0013405','C0392680',833),('C0013405','C0231807',834),('C0013405','C0240100',835),('C0013405','C0034642',836),('C0013405','C0008031',837),('C0013405','C0030252',838),('C0013405','C0038990',839),('C0013405','C0700590',840),('C0013405','C0043094',841),('C0013405','C0010200',842),('C0013405','C0013404',843),('C0019270','C0000737',844),('C0019270','C0030193',845),('C0019270','C0020578',846),('C0019270','C0278141',847),('C0019270','C0016927',848),('C0019270','C0027497',849),('C0019270','C0872410',850),('C0019270','C0018991',851),('C0019270','C0234233',852),('C0019270','C0019080',853),('C0019270','C0277797',854),('C0019270','C0149696',855),('C0019270','C0277899',856),('C0019270','C0004093',857),('C0019270','C0577559',858),('C0019270','C0205400',859),('C0600139','C0018965',860),('C0600139','C0392699',861),('C0600139','C0004093',862),('C0600139','C0521516',863),('C0600139','C0848621',864),('C0600139','C0008033',865),('C0600139','C0744492',866),('C0600139','C0034642',867),('C0600139','C0238844',868),('C0600139','C0150045',869),('C0600139','C0013428',870),('C0600139','C0011991',871),('C0600139','C0042571',872),('C0600139','C0151878',873),('C0600139','C0004134',874),('C0600139','C0030552',875),('C0600139','C0271202',876),('C0600139','C1269955',877),('C0600139','C0578150',878),('C0600139','C0577559',879),('C0600139','C0035508',880),('C0600139','C0149746',881),('C0600139','C0043096',882),('C0034063','C0085606',883),('C0034063','C0392680',884),('C0034063','C0034642',885),('C0034063','C0231835',886),('C0034063','C0085619',887),('C0034063','C0018862',888),('C0034063','C0240100',889),('C0034063','C0013404',890),('C0034063','C0038990',891),('C0034063','C0700590',892),('C0034063','C0376405',893),('C0034063','C0235710',894),('C0034063','C0020461',895),('C0034063','C0232201',896),('C0034063','C0008031',897),('C0034063','C0020649',898),('C0034063','C0043144',899),('C0024228','C0030193',900),('C0024228','C0577559',901),('C0024228','C0028081',902),('C0024228','C0038002',903),('C0024228','C0221198',904),('C0024228','C0085593',905),('C0024228','C0043096',906),('C0024228','C0038999',907),('C0024228','C0015967',908),('C0024228','C0034880',909),('C0024228','C0231890',910),('C0024228','C0850149',911),('C0024228','C0231872',912),('C0024228','C0332575',913),('C0024228','C0019209',914),('C0024228','C0015672',915),('C0003507','C0231807',916),('C0003507','C0039070',917),('C0003507','C0235710',918),('C0003507','C0232257',919),('C0003507','C0036396',920),('C0003507','C0002962',921),('C0003507','C0008031',922),('C0003507','C0577979',923),('C0003507','C0428977',924),('C0003507','C0392680',925),('C0003507','C0030193',926),('C0678222','C0024103',927),('C0678222','C0577559',928),('C0678222','C0030554',929),('C0678222','C0277845',930),('C0678222','C0041834',931),('C0678222','C1299586',932),('C0678222','C0221198',933),('C0678222','C0239301',934),('C0678222','C0085624',935),('C0678222','C0013404',936),('C0678222','C0038999',937),('C0678222','C0016579',938),('C0036341','C0233762',939),('C0036341','C0751229',940),('C0036341','C0022107',941),('C0036341','C0424068',942),('C0036341','C0376405',943),('C0036341','C0085631',944),('C0036341','C0438696',945),('C0036341','C0233481',946),('C0036341','C0233763',947),('C0036341','C0041667',948),('C0036341','C0237154',949),('C0012813','C0000737',950),('C0012813','C0549483',951),('C0012813','C0541911',952),('C0012813','C0857199',953),('C0012813','C0011991',954),('C0012813','C0234233',955),('C0012813','C0013428',956),('C0012813','C0030193',957),('C0012813','C0042963',958),('C0012813','C0232201',959),('C0012813','C0232488',960),('C0012813','C0277797',961),('C0012813','C0232498',962),('C0012813','C0015967',963),('C0012813','C1273573',964),('C0012813','C0205400',965),('C0012813','C0085606',966),('C0012813','C0003123',967),('C0012813','C0746619',968),('C0012813','C0009806',969),('C0546817','C0034642',970),('C0546817','C0240100',971),('C0546817','C0020461',972),('C0546817','C0085619',973),('C0546817','C0392680',974),('C0546817','C0234450',975),('C0546817','C0043094',976),('C0546817','C0020621',977),('C0546817','C0020649',978),('C0546817','C0038999',979),('C0546817','C0000731',980),('C0030920','C0000737',981),('C0030920','C0221166',982),('C0030920','C0027497',983),('C0030920','C0042963',984),('C0030920','C0521516',985),('C0030920','C0848168',986),('C0030920','C0008031',987),('C0030920','C0018991',988),('C0030920','C0232517',989),('C0030920','C0020175',990),('C0030920','C0277797',991),('C0030920','C0027769',992),('C0029443','C0030193',993),('C0029443','C0332575',994),('C0029443','C0240813',995),('C0029443','C0015967',996),('C0029443','C0241705',997),('C0029443','C0234233',998),('C0029443','C0038999',999),('C0029443','C0277797',1000),('C0029443','C0041834',1001),('C0029443','C0549483',1002),('C0029443','C0016512',1003),('C0029443','C0152032',1004),('C0017152','C0744740',1005),('C0017152','C0000737',1006),('C0017152','C0042963',1007),('C0017152','C0281825',1008),('C0017152','C0027497',1009),('C0017152','C0728899',1010),('C0017152','C0019080',1011),('C0017152','C0744492',1012),('C0017152','C0030193',1013),('C0017152','C0043096',1014),('C0017152','C0234233',1015),('C0017152','C0012833',1016),('C0004610','C0015967',1017),('C0004610','C0085593',1018),('C0004610','C0016382',1019),('C0004610','C0241526',1020),('C0004610','C0085632',1021),('C0004610','C1313921',1022),('C0004610','C0042963',1023),('C0004610','C0000731',1024),('C0004610','C0239981',1025),('C0004610','C0241157',1026),('C0004610','C0242453',1027),('C0004610','C0011991',1028),('C0004610','C0232498',1029),('C0004610','C0008033',1030),('C0004610','C0029053',1031),('C0004610','C0030232',1032),('C0035078','C0085619',1033),('C0035078','C0028961',1034),('C0035078','C0232854',1035),('C0035078','C0277794',1036),('C0035078','C0241526',1037),('C0035078','C0020649',1038),('C0035078','C0014394',1039),('C0035078','C0392680',1040),('C0035078','C0019080',1041),('C0035078','C0242453',1042),('C0035078','C0442739',1043),('C0035078','C0425251',1044),('C0035078','C0015672',1045),('C0002895','C1135120',1046),('C0002895','C0004604',1047),('C0002895','C0030193',1048),('C0002895','C0392680',1049),('C0002895','C1260880',1050),('C0002895','C0008031',1051),('C0002895','C0000737',1052),('C0002895','C0019214',1053),('C0002895','C0457097',1054),('C0002895','C0277797',1055),('C0002895','C0018681',1056),('C0018801','C0085619',1057),('C0018801','C0015672',1058),('C0018801','C0231807',1059),('C0018801','C0013404',1060),('C0018801','C0392680',1061),('C0018801','C0232258',1062),('C0018801','C0240100',1063),('C0018801','C0694547',1064),('C0018801','C0020649',1065),('C0018801','C0002962',1066),('C0018801','C0086439',1067),('C0041912','C0010200',1068),('C0041912','C0242429',1069),('C0041912','C0043144',1070),('C0041912','C0392680',1071),('C0041912','C0553668',1072),('C0041912','C0015967',1073),('C0041912','C0848340',1074),('C0041912','C0850149',1075),('C0041912','C1260880',1076),('C0041912','C0085632',1077),('C0041912','C0231872',1078),('C0041912','C0234866',1079),('C0041912','C0521516',1080),('C0041912','C0008033',1081),('C0041912','C0028081',1082),('C0041912','C0013404',1083),('C0041912','C0239134',1084),('C0041912','C0029053',1085),('C0041912','C0035508',1086),('C0041912','C0425488',1087),('C0041912','C0277797',1088),('C0041912','C0237304',1089),('C0041912','C0264273',1090),('C0041912','C0743482',1091),('C0041912','C0871754',1092),('C0041912','C1511606',1093),('C0041912','C0436331',1094),('C0041912','C0578150',1095),('C0019158','C0003962',1096),('C0019158','C0233308',1097),('C0019158','C0231835',1098),('C0019158','C0000737',1099),('C0019158','C0033774',1100),('C0019158','C0003123',1101),('C0019158','C1096646',1102),('C0019158','C0221151',1103),('C0019158','C0085593',1104),('C0019158','C0476273',1105),('C0019158','C0015967',1106),('C0019158','C0042963',1107),('C0020542','C0392680',1108),('C0020542','C0271276',1109),('C0020542','C0581911',1110),('C0020542','C0238844',1111),('C0020542','C0151315',1112),('C0020542','C0231807',1113),('C0020542','C0010520',1114),('C0020542','C0020649',1115),('C0020542','C0238705',1116),('C0011168','C0030554',1117),('C0011168','C0231690',1118),('C0011168','C0013362',1119),('C0011168','C0221150',1120),('C0011168','C0019825',1121),('C0011168','C0038450',1122),('C0011168','C0037763',1123),('C0011168','C0004093',1124),('C0011168','C0234979',1125),('C0011168','C0004134',1126),('C0011168','C1321756',1127),('C0011168','C0043096',1128),('C0011168','C0427008',1129),('C0011168','C0221198',1130),('C0011168','C0748706',1131),('C0018099','C0600142',1132),('C0018099','C0030193',1133),('C0018099','C0332575',1134),('C0018099','C0038999',1135),('C0018099','C0041834',1136),('C0018099','C0743482',1137),('C0018099','C0234233',1138),('C0018099','C0086439',1139),('C0018099','C0003962',1140),('C0018099','C0376405',1141),('C0040034','C0013491',1142),('C0040034','C0085702',1143),('C0040034','C0032781',1144),('C0040034','C0019080',1145),('C0040034','C0231835',1146),('C0040034','C0015967',1147),('C0040034','C0033774',1148),('C0040034','C0020649',1149),('C0040034','C0015672',1150),('C0020615','C0241526',1151),('C0020615','C0020672',1152),('C0020615','C0542044',1153),('C0020615','C0151878',1154),('C0020615','C0311395',1155),('C0020615','C1456822',1156),('C0020615','C0041657',1157),('C0020615','C0392162',1158),('C0020615','C0032617',1159),('C0020615','C0476273',1160),('C0020615','C0020649',1161),('C0032290','C0264576',1162),('C0032290','C0015967',1163),('C0032290','C0009024',1164),('C0032290','C0856054',1165),('C0032290','C0029053',1166),('C0032290','C0241526',1167),('C0032290','C0277794',1168),('C0032290','C0085628',1169),('C0032290','C0036572',1170),('C0032290','C1096646',1171),('C0032290','C0018991',1172),('C0032290','C0010200',1173),('C0032290','C0232517',1174),('C0032290','C0030193',1175),('C0032290','C0011991',1176),('C0032290','C0000737',1177),('C0009319','C0015967',1178),('C0009319','C0205400',1179),('C0009319','C0457097',1180),('C0009319','C0042963',1181),('C0009319','C0027498',1182),('C0009319','C0541798',1183),('C0009319','C0030193',1184),('C0009319','C0027497',1185),('C0009319','C0085593',1186),('C0009319','C0232726',1187),('C0009319','C0150045',1188),('C0009319','C0000737',1189),('C0009319','C0578150',1190),('C1510475','C1167754',1191),('C1510475','C0009806',1192),('C1510475','C0549483',1193),('C1510475','C0744740',1194),('C1510475','C0220870',1195),('C1510475','C0011991',1196),('C1510475','C0019080',1197),('C1510475','C0030193',1198),('C1510475','C0221151',1199),('C1510475','C0232894',1200),('C1510475','C1511606',1201),('C1510475','C0003123',1202),('C1510475','C0027497',1203),('C1510475','C0424000',1204),('C1510475','C0150041',1205),('C0038663','C0233762',1206),('C0038663','C0917801',1207),('C0038663','C0438696',1208),('C0038663','C0424230',1209),('C0038663','C0424109',1210),('C0038663','C0235198',1211),('C0038663','C0234544',1212),('C0038663','C0233481',1213),('C0038663','C0015672',1214),('C0038663','C0040822',1215),('C0038663','C0740880',1216),('C0038663','C0085631',1217),('C0038663','C0241526',1218),('C0038663','C0312422',1219),('C0038663','C0424092',1220),('C0038663','C1299586',1221),('C0038663','C0022107',1222),('C0038663','C0234215',1223),('C0038663','C0013144',1224),('C0038663','C0016579',1225),('C0038663','C0041657',1226),('C0038663','C0015967',1227),('C0038663','C0010200',1228),('C0032305','C0457096',1229),('C0032305','C0006625',1230),('C0032305','C0085593',1231),('C0032305','C0043096',1232),('C0032305','C0239134',1233),('C0032305','C0231528',1234),('C0032305','C0011991',1235),('C0032305','C0151315',1236),('C0032305','C0239133',1237),('C0032305','C1384606',1238),('C0032305','C0020621',1239),('C0032305','C0231807',1240),('C0032305','C0149758',1241),('C0032305','C1096646',1242),('C0032305','C0850149',1243),('C0032305','C0018681',1244),('C0032305','C0857516',1245),('C0032305','C0233308',1246),('C0019163','C0233467',1247),('C0019163','C0231835',1248),('C0019163','C0457096',1249),('C0019163','C0221151',1250),('C0019163','C0576456',1251),('C0019163','C0000737',1252),('C0019163','C0232498',1253),('C0019163','C0558195',1254),('C0019163','C0859032',1255),('C0030567','C1321756',1256),('C0030567','C0085639',1257),('C0030567','C0427008',1258),('C0030567','C0424092',1259),('C0030567','C0085631',1260),('C0030567','C0018991',1261),('C0030567','C1299586',1262),('C0030567','C0241526',1263),('C0030567','C0039070',1264),('C0030567','C0427055',1265),('C0030567','C0149746',1266),('C0030567','C0233481',1267),('C0030567','C0234450',1268),('C0030567','C0018965',1269),('C0030567','C0040822',1270),('C0030567','C0028081',1271),('C0030567','C0577559',1272),('C0024299','C0221198',1273),('C0024299','C0015967',1274),('C0024299','C0221232',1275),('C0024299','C1096646',1276),('C0024299','C0043096',1277),('C0024299','C0004134',1278),('C0024299','C0040264',1279),('C0024299','C0020303',1280),('C0024299','C0429562',1281),('C0024299','C0019079',1282),('C0024299','C0015672',1283),('C0024299','C0557875',1284),('C0024299','C0085602',1285),('C0024299','C0241705',1286),('C0020456','C0234233',1287),('C0020456','C0033774',1288),('C0020456','C0235129',1289),('C0020456','C0241157',1290),('C0020456','C0332601',1291),('C0020456','C0878661',1292),('C0020456','C0043096',1293),('C0020456','C0344315',1294),('C0020456','C0239301',1295),('C0020456','C0043144',1296),('C0020456','C0003962',1297),('C0020456','C0036572',1298),('C0085584','C0242143',1299),('C0085584','C0232766',1300),('C0085584','C0019080',1301),('C0085584','C0013144',1302),('C0085584','C0234450',1303),('C0085584','C0424530',1304),('C0085584','C0872410',1305),('C0085584','C0236018',1306),('C0085584','C0270844',1307),('C0085584','C0742985',1308),('C0085584','C0239110',1309),('C0085584','C0241526',1310),('C0085584','C0205400',1311),('C0085584','C0086439',1312),('C0040961','C0392680',1313),('C0040961','C0030193',1314),('C0040961','C0042963',1315),('C0040961','C0027497',1316),('C0040961','C0428977',1317),('C0040961','C0000737',1318),('C0040961','C0015967',1319),('C0040961','C0008767',1320),('C0040961','C0264576',1321),('C0040961','C0338656',1322),('C0002395','C0013132',1323),('C0002395','C0085631',1324),('C0002395','C0028084',1325),('C0002395','C0035508',1326),('C0002395','C0239110',1327),('C0002395','C0235231',1328),('C0002395','C0425251',1329),('C0002395','C0871754',1330),('C0002395','C0234379',1331),('C0002395','C0020461',1332),('C0002395','C0427055',1333),('C0002395','C0541992',1334),('C0002395','C0231530',1335),('C0002395','C0558195',1336),('C0002395','C0040822',1337),('C0002395','C0010200',1338),('C0002395','C0015967',1339),('C0006849','C0011991',1340),('C0006849','C0242429',1341),('C0006849','C0043096',1342),('C0006849','C0085593',1343),('C0006849','C0018681',1344),('C0006849','C0232498',1345),('C0006849','C0376405',1346),('C0006849','C0085636',1347),('C0006849','C0028081',1348),('C0006849','C0221150',1349),('C0006849','C0149758',1350),('C0006849','C1096646',1351),('C0006849','C0850149',1352),('C0006849','C0559546',1353),('C0006849','C0879626',1354),('C0006849','C1291077',1355),('C0442874','C0004093',1356),('C0442874','C0028643',1357),('C0442874','C0027498',1358),('C0442874','C0541798',1359),('C0442874','C0020303',1360),('C0442874','C0429562',1361),('C0442874','C0231230',1362),('C0442874','C0232726',1363),('C0442874','C0030193',1364),('C0442874','C0232854',1365),('C0022658','C0392680',1366),('C0022658','C0020461',1367),('C0022658','C0008031',1368),('C0022658','C0015967',1369),('C0022658','C0232995',1370),('C0022658','C0151706',1371),('C0023267','C0233071',1372),('C0023267','C0019080',1373),('C0023267','C0156543',1374),('C0023267','C0232943',1375),('C0023267','C0026827',1376),('C0023267','C0241938',1377),('C0023267','C0232997',1378),('C0023267','C0392680',1379),('C0023267','C0015967',1380),('C0023267','C0018834',1381),('C0023267','C0860096',1382),('C0023267','C0702118',1383),('C0023267','C1405524',1384),('C0017601','C0085639',1385),('C0017601','C0000731',1386),('C0017601','C1273573',1387),('C0017601','C0030554',1388),('C0017601','C0020625',1389),('C0017601','C0085631',1390),('C0017601','C0041657',1391),('C0017601','C0085624',1392),('C0017601','C0221198',1393),('C0017601','C0577559',1394),('C0027627','C0205400',1395),('C0027627','C1269955',1396),('C0027627','C1513183',1397),('C0027627','C0007859',1398),('C0027627','C0034079',1399),('C0027627','C0030193',1400),('C0027627','C0000737',1401),('C0027627','C0149696',1402),('C0027627','C0577559',1403),('C0027627','C0741302',1404),('C0007102','C0221198',1405),('C0007102','C0242453',1406),('C0007102','C0009806',1407),('C0007102','C0858924',1408),('C0007102','C0011991',1409),('C0007102','C0000737',1410),('C0007102','C0152032',1411),('C0007102','C0857087',1412),('C0007102','C0278146',1413),('C0007102','C0428977',1414),('C0007102','C0042963',1415),('C0007102','C0694547',1416),('C0007102','C0027497',1417),('C0007102','C0235250',1418),('C0007102','C0085602',1419),('C0011880','C0032617',1420),('C0011880','C0042963',1421),('C0011880','C0027497',1422),('C0011880','C0000737',1423),('C0011880','C0443260',1424),('C0011880','C0235129',1425),('C0011880','C0232517',1426),('C0011880','C0027769',1427),('C0011880','C0232498',1428),('C0011880','C0232605',1429),('C0011880','C0344232',1430),('C0011880','C0152032',1431),('C0011880','C0011991',1432),('C0011880','C0036572',1433),('C0011880','C0236018',1434),('C0494475','C0013144',1435),('C0494475','C0542073',1436),('C0494475','C0027066',1437),('C0494475','C0040822',1438),('C0494475','C0751466',1439),('C0494475','C0522336',1440),('C0494475','C0234450',1441),('C0494475','C0019572',1442),('C0494475','C0554980',1443),('C0494475','C0231530',1444),('C0494475','C0241526',1445),('C0494475','C0018681',1446),('C0494475','C0002416',1447),('C0494475','C0424530',1448),('C0494475','C0037763',1449),('C0494475','C0043096',1450),('C0494475','C1269955',1451),('C0006826','C0232118',1452),('C0006826','C1291692',1453),('C0006826','C0577559',1454),('C0006826','C0221198',1455),('C0006826','C0018834',1456),('C0006826','C0028081',1457),('C0006826','C0205400',1458),('C0006826','C0085593',1459),('C0006826','C0029053',1460),('C0006826','C0000737',1461),('C0006826','C0541911',1462),('C0006826','C0149696',1463),('C0006826','C0476273',1464),('C0006826','C0020649',1465),('C1145670','C0018991',1466),('C1145670','C0037384',1467),('C1145670','C0241526',1468),('C1145670','C0239134',1469),('C1145670','C0013404',1470),('C1145670','C0231835',1471),('C1145670','C0020461',1472),('C1145670','C0086439',1473),('C1145670','C0232201',1474),('C1145670','C0427108',1475),('C1145670','C0006318',1476),('C1145670','C0239110',1477),('C1145670','C0392680',1478),('C1145670','C0221198',1479),('C1145670','C0332575',1480),('C0025202','C0577559',1481),('C0025202','C0221166',1482),('C0025202','C0015967',1483),('C0025202','C0232995',1484),('C0025202','C0030193',1485),('C0025202','C0033774',1486),('C0025202','C0024103',1487),('C0025202','C0042963',1488),('C0025202','C0011991',1489),('C0017160','C0000737',1490),('C0017160','C0476287',1491),('C0017160','C0027497',1492),('C0017160','C0043096',1493),('C0017160','C0234233',1494),('C0017160','C0240962',1495),('C0017160','C0015967',1496),('C0017160','C0231528',1497),('C0017160','C0020625',1498),('C0017160','C0232602',1499),('C0017160','C0577559',1500),('C0017160','C0043096',1501),('C0684249','C0221198',1502),('C0684249','C0010200',1503),('C0684249','C0034079',1504),('C0684249','C0392680',1505),('C0684249','C0019079',1506),('C0684249','C0742985',1507),('C0684249','C0232517',1508),('C0684249','C0234238',1509),('C0684249','C0034642',1510),('C0684249','C0028081',1511),('C0684249','C0029053',1512),('C0684249','C0004093',1513),('C0684249','C1513183',1514),('C0684249','C0085631',1515),('C0684249','C0022107',1516),('C0024713','C0455769',1517),('C0024713','C0438696',1518),('C0024713','C0917799',1519),('C0024713','C0424000',1520),('C0024713','C0948786',1521),('C0024713','C0233762',1522),('C0024713','C0233763',1523),('C0024713','C0233492',1524),('C0024713','C0424068',1525),('C0024713','C0150041',1526),('C0024713','C1299586',1527),('C0024713','C0231187',1528),('C0024713','C0558089',1529),('C0024713','C0438696',1530),('C0024713','C0424000',1531),('C0031212','C0028084',1532),('C0031212','C0150041',1533),('C0031212','C0558141',1534),('C0031212','C0233762',1535),('C0031212','C0022107',1536),('C0031212','C0917801',1537),('C0031212','C0085631',1538),('C0031212','C0424109',1539),('C0031212','C0344315',1540),('C0031212','C1384489',1541),('C0031212','C0027498',1542),('C0031212','C0277794',1543),('C0031212','C0748706',1544),('C0031212','C0233481',1545),('C0031212','C0014394',1546),('C0031212','C0237154',1547),('C0031212','C0027769',1548),('C0031212','C0003962',1549),('C0031212','C0033774',1550),('C0019204','C0577559',1551),('C0019204','C0038002',1552),('C0019204','C0221198',1553),('C0019204','C0030552',1554),('C0019204','C1269955',1555),('C0019204','C0848277',1556),('C0019204','C0019080',1557),('C0019204','C0205400',1558),('C0019204','C0085632',1559),('C0019204','C0006625',1560),('C0019204','C0020672',1561),('C0019204','C0000737',1562),('C0019204','C0019209',1563),('C0019204','C0744727',1564),('C0019204','C0085628',1565),('C0019204','C0043096',1566),('C0019204','C0392680',1567),('C0019204','C0010200',1568),('C0034067','C0474395',1569),('C0034067','C0241158',1570),('C0034067','C0231807',1571),('C0034067','C0520966',1572),('C0034067','C0231528',1573),('C0034067','C0020440',1574),('C0034067','C0392162',1575),('C0034067','C0557075',1576),('C0034067','C0848277',1577),('C0034067','C0859032',1578),('C0034067','C0028081',1579),('C0034067','C0006625',1580),('C0034067','C0436331',1581),('C0034067','C0013404',1582),('C0034067','C0034642',1583),('C0034067','C0016382',1584),('C0034067','C0221150',1585),('C0034067','C0003862',1586),('C0034067','C0008301',1587),('C0034067','C0232726',1588),('C0034067','C0009806',1589),('C0019112','C0019080',1590),('C0019112','C0232695',1591),('C0019112','C0278014',1592),('C0019112','C0027498',1593),('C0019112','C0020175',1594),('C0019112','C0011991',1595),('C0019112','C0012833',1596),('C0019112','C0020625',1597),('C0019112','C0009024',1598),('C0019112','C0030193',1599),('C0019112','C1321756',1600),('C0019112','C0085624',1601),('C0019112','C0744492',1602),('C0019112','C0239832',1603),('C0019112','C0043144',1604),('C0019112','C0010200',1605),('C0006266','C0392680',1606),('C0006266','C0241158',1607),('C0006266','C0277797',1608),('C0006266','C0262581',1609),('C0006266','C0030193',1610),('C0006266','C0239134',1611),('C0006266','C0242429',1612),('C0006266','C0013404',1613),('C0006266','C0232292',1614),('C0006266','C0700292',1615),('C0006266','C0231835',1616),('C0006266','C0234215',1617),('C0006266','C0015967',1618),('C0006266','C0042963',1619),('C0006266','C0035508',1620),('C0006266','C0018991',1621),('C0006266','C0231890',1622),('C0003537','C0009024',1623),('C0003537','C0231872',1624),('C0003537','C0427055',1625),('C0003537','C0221470',1626),('C0003537','C0231530',1627),('C0003537','C0522224',1628),('C0003537','C0024031',1629),('C0003537','C0277823',1630),('C0028756','C0848168',1631),('C0028756','C0205254',1632),('C0028756','C0002962',1633),('C0028756','C0010200',1634),('C0028756','C0847488',1635),('C0028756','C0553668',1636),('C0028756','C0020672',1637),('C0028756','C0013404',1638),('C0028756','C0744727',1639),('C0028756','C0043144',1640),('C0028756','C0700292',1641),('C0028756','C0235634',1642),('C0028756','C0424749',1643),('C0034186','C0015967',1644),('C0034186','C0030193',1645),('C0034186','C0085606',1646),('C0034186','C0018965',1647),('C0034186','C0042963',1648),('C0034186','C0085593',1649),('C0034186','C0011991',1650),('C0034186','C0027497',1651),('C0034186','C0000737',1652),('C0034186','C0231528',1653),('C0034186','C0015967',1654),('C0034186','C0085593',1655),('C0014118','C0008033',1656),('C0014118','C0205400',1657),('C0014118','C0231528',1658),('C0014118','C0277797',1659),('C0014118','C0028081',1660),('C0014118','C1517205',1661),('C0014118','C0392680',1662),('C0014118','C0085619',1663),('C0014118','C0549483',1664),('C0014118','C0020649',1665),('C0014118','C0010200',1666),('C0014118','C1513183',1667),('C0014118','C0238844',1668),('C0014118','C0043096',1669),('C0014118','C0232118',1670),('C0014118','C0086439',1671),('C0031039','C0232267',1672),('C0031039','C0013404',1673),('C0031039','C0392680',1674),('C0031039','C0578150',1675),('C0031039','C0018800',1676),('C0031039','C0020649',1677),('C0031039','C0241235',1678),('C0031039','C0427055',1679),('C0031039','C0030193',1680),('C0031039','C0028961',1681),('C0031039','C0312422',1682),('C0031039','C0728899',1683),('C0001973','C0040822',1684),('C0001973','C0233762',1685),('C0001973','C0438696',1686),('C0001973','C0424337',1687),('C0001973','C0022107',1688),('C0001973','C0150041',1689),('C0001973','C0424000',1690),('C0001973','C0233647',1691),('C0001973','C0036572',1692),('C0001973','C0237154',1693),('C0001973','C0917801',1694),('C0001973','C0041657',1695),('C0001973','C0030318',1696),('C0001973','C0238844',1697),('C0001973','C0392680',1698),('C0032326','C0013404',1699),('C0032326','C0425560',1700),('C0032326','C1320716',1701),('C0032326','C0019079',1702),('C0032326','C0010200',1703),('C0032326','C0020440',1704),('C0032326','C0037580',1705),('C0032326','C0242453',1706),('C0032326','C0085631',1707),('C0011206','C1273573',1708),('C0011206','C0424092',1709),('C0011206','C0020625',1710),('C0011206','C0558089',1711),('C0011206','C0424000',1712),('C0011206','C0241526',1713),('C0011206','C0233481',1714),('C0011206','C0013144',1715),('C0011206','C0234450',1716),('C0011206','C0233762',1717),('C0011206','C0438696',1718),('C0011206','C0015967',1719),('C0011206','C0011991',1720),('C0027947','C1096646',1721),('C0027947','C0038002',1722),('C0027947','C0028081',1723),('C0027947','C0277797',1724),('C0027947','C0221198',1725),('C0027947','C1260880',1726),('C0027947','C0085593',1727),('C0027947','C0010200',1728),('C0027947','C0746619',1729),('C0027947','C0020598',1730),('C0027947','C0028961',1731),('C0027947','C0427629',1732),('C0027947','C0476273',1733),('C0020433','C0010520',1734),('C0020433','C0231835',1735),('C0020433','C0233070',1736),('C0020433','C0428977',1737),('C0020433','C0006157',1738),('C0020433','C0332601',1739),('C0020433','C0878661',1740),('C0020433','C0010200',1741),('C0020433','C0231528',1742),('C0021400','C0242143',1743),('C0021400','C0015967',1744),('C0021400','C0008033',1745),('C0021400','C1260880',1746),('C0021400','C0242429',1747),('C0021400','C0231218',1748),('C0021400','C0742985',1749),('C0021400','C0436331',1750),('C0021400','C0085593',1751),('C0021400','C0240962',1752),('C0021400','C0277873',1753),('C0021400','C0013428',1754),('C0021400','C0542073',1755),('C0021400','C0018681',1756),('C0021400','C0037383',1757),('C0021400','C0037384',1758),('C0021400','C0457097',1759),('C0021400','C0392680',1760),('C0021400','C0476273',1761),('C0021400','C0312422',1762),('C0021400','C0277794',1763),('C0439857','C0728899',1764),('C0439857','C0040822',1765),('C0439857','C0085631',1766),('C0439857','C0438696',1767),('C0439857','C0237154',1768),('C0439857','C0242453',1769),('C0439857','C0023380',1770),('C0439857','C0036572',1771),('C0439857','C0231530',1772),('C0439857','C0848340',1773),('C0439857','C0150041',1774),('C0439857','C0581911',1775),('C0439857','C0034642',1776),('C0087086','C0086439',1777),('C0087086','C0003123',1778),('C0087086','C0235396',1779),('C0087086','C0392680',1780),('C0087086','C0239981',1781),('C0087086','C0033774',1782),('C0087086','C0234233',1783),('C0087086','C0578150',1784),('C0087086','C0427055',1785),('C0087086','C0042963',1786),('C0087086','C0241252',1787),('C0008325','C0859032',1788),('C0008325','C0027497',1789),('C0008325','C0000737',1790),('C0008325','C0277977',1791),('C0008325','C0016204',1792),('C0008325','C0232488',1793),('C0008325','C0030193',1794),('C0008325','C0003962',1795),('C0008325','C0011991',1796),('C0008325','C0151878',1797),('C0008325','C0425560',1798),('C0008325','C1320716',1799),('C0008325','C0541992',1800),('C0008325','C0232201',1801),('C0008325','C0425449',1802),('C0008325','C0009806',1803),('C0008325','C0474505',1804),('C0008325','C0702118',1805),('C0019291','C0000737',1806),('C0019291','C0231230',1807),('C0019291','C0240805',1808),('C0019291','C0042963',1809),('C0019291','C0027497',1810),('C0019291','C0231528',1811),('C0019291','C0020625',1812),('C0019291','C0234233',1813),('C0019291','C0858924',1814),('C0019291','C0231807',1815),('C0019291','C0232766',1816),('C0019291','C0744492',1817),('C0019291','C0239832',1818),('C0019291','C0018681',1819),('C0019291','C0085636',1820),('C0149931','C0002416',1821),('C0149931','C0042963',1822),('C0149931','C0012833',1823),('C0149931','C0028643',1824),('C0149931','C0027497',1825),('C0149931','C0015967',1826),('C0149931','C0038002',1827),('C0030312','C0020639',1828),('C0030312','C0015672',1829),('C0030312','C0019080',1830),('C0030312','C0231230',1831),('C0030312','C0332601',1832),('C0030312','C0878661',1833),('C0030312','C0241252',1834),('C0030312','C0232488',1835),('C0242216','C0042963',1836),('C0242216','C0027497',1837),('C0242216','C0000737',1838),('C0242216','C0030193',1839),('C0242216','C0332601',1840),('C0242216','C0878661',1841),('C0242216','C0003962',1842),('C0242216','C0205400',1843),('C0242216','C0234233',1844),('C0242216','C0011991',1845),('C0242216','C0277797',1846),('C0242216','C0030252',1847),('C0008350','C0042963',1848),('C0008350','C0027497',1849),('C0008350','C0000737',1850),('C0008350','C0030193',1851),('C0008350','C0332601',1852),('C0008350','C0878661',1853),('C0008350','C0003962',1854),('C0008350','C0205400',1855),('C0008350','C0234233',1856),('C0008350','C0011991',1857),('C0008350','C0277797',1858),('C0008350','C0030252',1859),('C0039239','C0238705',1860),('C0039239','C0038990',1861),('C0039239','C0700590',1862),('C0039239','C0556346',1863),('C0039239','C0438716',1864),('C0039239','C0241158',1865),('C0039239','C0425560',1866),('C0039239','C1320716',1867),('C0039239','C0149746',1868),('C0039239','C0392680',1869),('C0039239','C0520888',1870),('C0039239','C0042963',1871),('C0039239','C0000737',1872),('C1258215','C0549483',1873),('C1258215','C0000727',1874),('C1258215','C0740844',1875),('C1258215','C0425491',1876),('C1258215','C0232498',1877),('C1258215','C0027497',1878),('C1258215','C0234233',1879),('C1258215','C0016204',1880),('C1258215','C0011991',1881),('C1258215','C0577559',1882),('C1258215','C0277797',1883),('C1258215','C0009806',1884),('C1258215','C0205400',1885),('C1258215','C0232995',1886),('C1258215','C0000737',1887),('C0001511','C0016204',1888),('C0001511','C0030193',1889),('C0001511','C0456091',1890),('C0001511','C0233070',1891),('C0001511','C0042963',1892),('C0001511','C0034079',1893),('C0001511','C0006157',1894),('C0001511','C0392680',1895),('C0001511','C0043096',1896),('C0001511','C0231441',1897),('C0001511','C1273573',1898),('C0001511','C0233763',1899),('C0001511','C0424000',1900),('C0011253','C0240233',1901),('C0011253','C0392701',1902),('C0011253','C0150041',1903),('C0011253','C0085631',1904),('C0011253','C0233762',1905),('C0011253','C0022107',1906),('C0011253','C0917801',1907),('C0011253','C0233647',1908),('C0011253','C0455204',1909),('C0011253','C0578859',1910),('C0011253','C0233481',1911),('C0011253','C0231187',1912),('C0011253','C0558089',1913),('C0011253','C0007398',1914),('C0011253','C0438696',1915),('C0011253','C0558261',1916),('C0011253','C0312422',1917),('C0011253','C0424109',1918),('C0011253','C0338656',1919),('C0011253','C0022107',1920),('C0011253','C0085631',1921),('C0233472','C0277794',1922),('C0233472','C0917801',1923),('C0233472','C0014394',1924),('C0233472','C0376405',1925),('C0233472','C0150041',1926),('C0233472','C0233763',1927),('C0233472','C0425251',1928),('C0233472','C0242453',1929),('C0011127','C0232257',1930),('C0011127','C0871754',1931),('C0011127','C0015967',1932);
/*!40000 ALTER TABLE `disease_symptom` ENABLE KEYS */;
UNLOCK TABLES;

--
-- Table structure for table `diseases`
--

DROP TABLE IF EXISTS `diseases`;
/*!40101 SET @saved_cs_client     = @@character_set_client */;
/*!40101 SET character_set_client = utf8 */;
CREATE TABLE `diseases` (
  `code` varchar(30) NOT NULL,
  `name` varchar(100) NOT NULL,
  `details` text,
  `precautions` text,
  PRIMARY KEY (`code`)
) ENGINE=InnoDB DEFAULT CHARSET=latin1;
/*!40101 SET character_set_client = @saved_cs_client */;

--
-- Dumping data for table `diseases`
--

LOCK TABLES `diseases` WRITE;
/*!40000 ALTER TABLE `diseases` DISABLE KEYS */;
INSERT INTO `diseases` VALUES ('C0001175','acquired immuno-deficiency syndrome','This is a very dangerous disease','No special precautions'),('C0001418','adenocarcinoma','This is a very dangerous disease','No special precautions'),('C0001511','adhesion','This is a very dangerous disease','No special precautions'),('C0001973','chronic alcoholic intoxication','This is a very dangerous disease','No special precautions'),('C0002395','Alzheimer\'s disease','This is a very dangerous disease','No special precautions'),('C0002871','anemia','This is a very dangerous disease','No special precautions'),('C0002895','sickle cell anemia','This is a very dangerous disease','No special precautions'),('C0003507','stenosis aortic valve','This is a very dangerous disease','No special precautions'),('C0003537','aphasia','This is a very dangerous disease','No special precautions'),('C0003864','arthritis','This is a very dangerous disease','No special precautions'),('C0004096','asthma','This is a very dangerous disease','No special precautions'),('C0004610','bacteremia','This is a very dangerous disease','No special precautions'),('C0005001','benign prostatic hypertrophy','This is a very dangerous disease','No special precautions'),('C0005586','bipolar disorder','This is a very dangerous disease','No special precautions'),('C0006266','spasm bronchial','This is a very dangerous disease','No special precautions'),('C0006277','bronchitis','This is a very dangerous disease','No special precautions'),('C0006826','malignant neoplasms','This is a very dangerous disease','No special precautions'),('C0006849','oral candidiasis','This is a very dangerous disease','No special precautions'),('C0007097','carcinoma','This is a very dangerous disease','No special precautions'),('C0007102','malignant tumor of colon','This is a very dangerous disease','No special precautions'),('C0007642','cellulitis','This is a very dangerous disease','No special precautions'),('C0007787','transient ischemic attack','This is a very dangerous disease','No special precautions'),('C0008325','cholecystitis','This is a very dangerous disease','No special precautions'),('C0008350','cholelithiasis','This is a very dangerous disease','No special precautions'),('C0009319','colitis','This is a very dangerous disease','No special precautions'),('C0009676','confusion','This is a very dangerous disease','No special precautions'),('C0010054','coronary arteriosclerosis','This is a very dangerous disease','No special precautions'),('C0011127','decubitus ulcer','This is a very dangerous disease','No special precautions'),('C0011168','deglutition disorder','This is a very dangerous disease','No special precautions'),('C0011175','dehydration','This is a very dangerous disease','No special precautions'),('C0011206','delirium','This is a very dangerous disease','No special precautions'),('C0011253','delusion','This is a very dangerous disease','No special precautions'),('C0011581','depressive disorder','This is a very dangerous disease','No special precautions'),('C0011847','diabetes','This is a very dangerous disease','No special precautions'),('C0011880','ketoacidosis diabetic ','This is a very dangerous disease','No special precautions'),('C0012813','diverticulitis','This is a very dangerous disease','No special precautions'),('C0013405','paroxysmal dyspnea','This is a very dangerous disease','No special precautions'),('C0014118','endocarditis','This is a very dangerous disease','No special precautions'),('C0014544','epilepsy','This is a very dangerous disease','No special precautions'),('C0015230','exanthema','This is a very dangerous disease','No special precautions'),('C0017152','gastritis','This is a very dangerous disease','No special precautions'),('C0017160','gastroenteritis','This is a very dangerous disease','No special precautions'),('C0017168','gastroesophageal reflux disease','This is a very dangerous disease','No special precautions'),('C0017601','glaucoma','This is a very dangerous disease','No special precautions'),('C0018099','gout','This is a very dangerous disease','No special precautions'),('C0018801','failure heart','This is a very dangerous disease','No special precautions'),('C0018802','failure heart congestive','This is a very dangerous disease','No special precautions'),('C0018989','hemiparesis','This is a very dangerous disease','No special precautions'),('C0019112','hemorrhoids','This is a very dangerous disease','No special precautions'),('C0019158','hepatitis','This is a very dangerous disease','No special precautions'),('C0019163','hepatitis B','This is a very dangerous disease','No special precautions'),('C0019196','hepatitis C','This is a very dangerous disease','No special precautions'),('C0019204','primary carcinoma of the liver cells','This is a very dangerous disease','No special precautions'),('C0019270','hernia','This is a very dangerous disease','No special precautions'),('C0019291','hernia hiatal','This is a very dangerous disease','No special precautions'),('C0019693','hiv infections','This is a very dangerous disease','No special precautions'),('C0020433','hyperbilirubinemia','This is a very dangerous disease','No special precautions'),('C0020443','hypercholesterolemia','This is a very dangerous disease','No special precautions'),('C0020456','hyperglycemia','This is a very dangerous disease','No special precautions'),('C0020473','hyperlipidemia','This is a very dangerous disease','No special precautions'),('C0020538','hypertensive disease','This is a very dangerous disease','No special precautions'),('C0020542','hypertension pulmonary','This is a very dangerous disease','No special precautions'),('C0020615','hypoglycemia','This is a very dangerous disease','No special precautions'),('C0020676','hypothyroidism','This is a very dangerous disease','No special precautions'),('C0021167','incontinence','This is a very dangerous disease','No special precautions'),('C0021311','infection','This is a very dangerous disease','No special precautions'),('C0021400','influenza','This is a very dangerous disease','No special precautions'),('C0022116','ischemia','This is a very dangerous disease','No special precautions'),('C0022658','kidney disease','This is a very dangerous disease','No special precautions'),('C0022660','kidney failure acute','This is a very dangerous disease','No special precautions'),('C0022661','chronic kidney failure','This is a very dangerous disease','No special precautions'),('C0023267','fibroid tumor','This is a very dangerous disease','No special precautions'),('C0024117','chronic obstructive airway disease','This is a very dangerous disease','No special precautions'),('C0024228','lymphatic diseases','This is a very dangerous disease','No special precautions'),('C0024299','lymphoma','This is a very dangerous disease','No special precautions'),('C0024713','manic disorder','This is a very dangerous disease','No special precautions'),('C0025202','melanoma','This is a very dangerous disease','No special precautions'),('C0026266','mitral valve insufficiency','This is a very dangerous disease','No special precautions'),('C0027051','myocardial infarction','This is a very dangerous disease','No special precautions'),('C0027627','neoplasm metastasis','This is a very dangerous disease','No special precautions'),('C0027651','neoplasm','This is a very dangerous disease','No special precautions'),('C0027947','neutropenia','This is a very dangerous disease','No special precautions'),('C0028754','obesity','This is a very dangerous disease','No special precautions'),('C0028756','obesity morbid','This is a very dangerous disease','No special precautions'),('C0029408','degenerative polyarthritis','This is a very dangerous disease','No special precautions'),('C0029443','osteomyelitis','This is a very dangerous disease','No special precautions'),('C0029456','osteoporosis','This is a very dangerous disease','No special precautions'),('C0030305','pancreatitis','This is a very dangerous disease','No special precautions'),('C0030312','pancytopenia','This is a very dangerous disease','No special precautions'),('C0030567','parkinson disease','This is a very dangerous disease','No special precautions'),('C0030920','ulcer peptic','This is a very dangerous disease','No special precautions'),('C0031039','effusion pericardial','This is a very dangerous disease','No special precautions'),('C0031212','personality disorder','This is a very dangerous disease','No special precautions'),('C0032285','pneumonia','This is a very dangerous disease','No special precautions'),('C0032290','pneumonia aspiration','This is a very dangerous disease','No special precautions'),('C0032305','Pneumocystis carinii pneumonia','This is a very dangerous disease','No special precautions'),('C0032326','pneumothorax','This is a very dangerous disease','No special precautions'),('C0033975','psychotic disorder','This is a very dangerous disease','No special precautions'),('C0034063','edema pulmonary','This is a very dangerous disease','No special precautions'),('C0034065','embolism pulmonary','This is a very dangerous disease','No special precautions'),('C0034067','emphysema pulmonary','This is a very dangerous disease','No special precautions'),('C0034186','pyelonephritis','This is a very dangerous disease','No special precautions'),('C0035078','failure kidney','This is a very dangerous disease','No special precautions'),('C0036341','schizophrenia','This is a very dangerous disease','No special precautions'),('C0038454','accident cerebrovascular','This is a very dangerous disease','No special precautions'),('C0038663','suicide attempt','This is a very dangerous disease','No special precautions'),('C0039239','tachycardia sinus','This is a very dangerous disease','No special precautions'),('C0040034','thrombocytopaenia','This is a very dangerous disease','No special precautions'),('C0040961','tricuspid valve insufficiency','This is a very dangerous disease','No special precautions'),('C0041912','upper respiratory infection','This is a very dangerous disease','No special precautions'),('C0042029','infection urinary tract','This is a very dangerous disease','No special precautions'),('C0085096','peripheral vascular disease','This is a very dangerous disease','No special precautions'),('C0085584','encephalopathy','This is a very dangerous disease','No special precautions'),('C0087086','thrombus','This is a very dangerous disease','No special precautions'),('C0149871','deep vein thrombosis','This is a very dangerous disease','No special precautions'),('C0149931','migraine disorders','This is a very dangerous disease','No special precautions'),('C0233472','affect labile','This is a very dangerous disease','No special precautions'),('C0242216','biliary calculus','This is a very dangerous disease','No special precautions'),('C0243026','systemic infection','This is a very dangerous disease','No special precautions'),('C0439857','dependence','This is a very dangerous disease','No special precautions'),('C0442874','neuropathy','This is a very dangerous disease','No special precautions'),('C0494475','tonic-clonic seizures','This is a very dangerous disease','No special precautions'),('C0497327','dementia','This is a very dangerous disease','No special precautions'),('C0546817','overload fluid','This is a very dangerous disease','No special precautions'),('C0600139','carcinoma prostate','This is a very dangerous disease','No special precautions'),('C0678222','carcinoma breast','This is a very dangerous disease','No special precautions'),('C0684249','carcinoma of lung','This is a very dangerous disease','No special precautions'),('C0700613','anxiety state','This is a very dangerous disease','No special precautions'),('C0878544','cardiomyopathy','This is a very dangerous disease','No special precautions'),('C1090821','sepsis (invertebrate)','This is a very dangerous disease','No special precautions'),('C1145670','respiratory failure','This is a very dangerous disease','No special precautions'),('C1258215','ileus','This is a very dangerous disease','No special precautions'),('C1456784','paranoia','This is a very dangerous disease','No special precautions'),('C1510475','diverticulosis','This is a very dangerous disease','No special precautions'),('C1565489','insufficiency renal','This is a very dangerous disease','No special precautions'),('C1623038','cirrhosis','This is a very dangerous disease','No special precautions');
/*!40000 ALTER TABLE `diseases` ENABLE KEYS */;
UNLOCK TABLES;

--
-- Table structure for table `symptoms`
--

DROP TABLE IF EXISTS `symptoms`;
/*!40101 SET @saved_cs_client     = @@character_set_client */;
/*!40101 SET character_set_client = utf8 */;
CREATE TABLE `symptoms` (
  `code` varchar(30) NOT NULL,
  `name` varchar(100) NOT NULL,
  `details` text,
  `additional` text,
  PRIMARY KEY (`code`)
) ENGINE=InnoDB DEFAULT CHARSET=latin1;
/*!40101 SET character_set_client = @saved_cs_client */;

--
-- Dumping data for table `symptoms`
--

LOCK TABLES `symptoms` WRITE;
/*!40000 ALTER TABLE `symptoms` DISABLE KEYS */;
INSERT INTO `symptoms` VALUES ('C0000727','C0000727','This is a very dangerous disease','No special precautions'),('C0000731','C0000731','This is a very dangerous disease','No special precautions'),('C0000737','C0000737','This is a very dangerous disease','No special precautions'),('C0002416','C0002416','This is a very dangerous disease','No special precautions'),('C0002962','C0002962','This is a very dangerous disease','No special precautions'),('C0003123','C0003123','This is a very dangerous disease','No special precautions'),('C0003126','C0003126','This is a very dangerous disease','No special precautions'),('C0003862','C0003862','This is a very dangerous disease','No special precautions'),('C0003962','C0003962','This is a very dangerous disease','No special precautions'),('C0004093','C0004093','This is a very dangerous disease','No special precautions'),('C0004134','C0004134','This is a very dangerous disease','No special precautions'),('C0004604','C0004604','This is a very dangerous disease','No special precautions'),('C0006157','C0006157','This is a very dangerous disease','No special precautions'),('C0006318','C0006318','This is a very dangerous disease','No special precautions'),('C0006625','C0006625','This is a very dangerous disease','No special precautions'),('C0007398','C0007398','This is a very dangerous disease','No special precautions'),('C0007859','C0007859','This is a very dangerous disease','No special precautions'),('C0008031','C0008031','This is a very dangerous disease','No special precautions'),('C0008033','C0008033','This is a very dangerous disease','No special precautions'),('C0008301','C0008301','This is a very dangerous disease','No special precautions'),('C0008767','C0008767','This is a very dangerous disease','No special precautions'),('C0009024','C0009024','This is a very dangerous disease','No special precautions'),('C0009806','C0009806','This is a very dangerous disease','No special precautions'),('C0010200','C0010200','This is a very dangerous disease','No special precautions'),('C0010520','C0010520','This is a very dangerous disease','No special precautions'),('C0011991','C0011991','This is a very dangerous disease','No special precautions'),('C0012833','C0012833','This is a very dangerous disease','No special precautions'),('C0013132','C0013132','This is a very dangerous disease','No special precautions'),('C0013144','C0013144','This is a very dangerous disease','No special precautions'),('C0013362','C0013362','This is a very dangerous disease','No special precautions'),('C0013404','C0013404','This is a very dangerous disease','No special precautions'),('C0013428','C0013428','This is a very dangerous disease','No special precautions'),('C0013491','C0013491','This is a very dangerous disease','No special precautions'),('C0014394','C0014394','This is a very dangerous disease','No special precautions'),('C0015672','C0015672','This is a very dangerous disease','No special precautions'),('C0015967','C0015967','This is a very dangerous disease','No special precautions'),('C0016204','C0016204','This is a very dangerous disease','No special precautions'),('C0016382','C0016382','This is a very dangerous disease','No special precautions'),('C0016512','C0016512','This is a very dangerous disease','No special precautions'),('C0016579','C0016579','This is a very dangerous disease','No special precautions'),('C0016927','C0016927','This is a very dangerous disease','No special precautions'),('C0018681','C0018681','This is a very dangerous disease','No special precautions'),('C0018800','C0018800','This is a very dangerous disease','No special precautions'),('C0018834','C0018834','This is a very dangerous disease','No special precautions'),('C0018862','C0018862','This is a very dangerous disease','No special precautions'),('C0018932','C0018932','This is a very dangerous disease','No special precautions'),('C0018965','C0018965','This is a very dangerous disease','No special precautions'),('C0018991','C0018991','This is a very dangerous disease','No special precautions'),('C0019079','C0019079','This is a very dangerous disease','No special precautions'),('C0019080','C0019080','This is a very dangerous disease','No special precautions'),('C0019209','C0019209','This is a very dangerous disease','No special precautions'),('C0019214','C0019214','This is a very dangerous disease','No special precautions'),('C0019572','C0019572','This is a very dangerous disease','No special precautions'),('C0019825','C0019825','This is a very dangerous disease','No special precautions'),('C0020175','C0020175','This is a very dangerous disease','No special precautions'),('C0020303','C0020303','This is a very dangerous disease','No special precautions'),('C0020440','C0020440','This is a very dangerous disease','No special precautions'),('C0020458','C0020458','This is a very dangerous disease','No special precautions'),('C0020461','C0020461','This is a very dangerous disease','No special precautions'),('C0020578','C0020578','This is a very dangerous disease','No special precautions'),('C0020580','C0020580','This is a very dangerous disease','No special precautions'),('C0020598','C0020598','This is a very dangerous disease','No special precautions'),('C0020621','C0020621','This is a very dangerous disease','No special precautions'),('C0020625','C0020625','This is a very dangerous disease','No special precautions'),('C0020639','C0020639','This is a very dangerous disease','No special precautions'),('C0020649','C0020649','This is a very dangerous disease','No special precautions'),('C0020672','C0020672','This is a very dangerous disease','No special precautions'),('C0022107','C0022107','This is a very dangerous disease','No special precautions'),('C0023222','C0023222','This is a very dangerous disease','No special precautions'),('C0023380','C0023380','This is a very dangerous disease','No special precautions'),('C0024031','C0024031','This is a very dangerous disease','No special precautions'),('C0024103','C0024103','This is a very dangerous disease','No special precautions'),('C0026827','C0026827','This is a very dangerous disease','No special precautions'),('C0026961','C0026961','This is a very dangerous disease','No special precautions'),('C0027066','C0027066','This is a very dangerous disease','No special precautions'),('C0027497','C0027497','This is a very dangerous disease','No special precautions'),('C0027498','C0027498','This is a very dangerous disease','No special precautions'),('C0027769','C0027769','This is a very dangerous disease','No special precautions'),('C0028081','C0028081','This is a very dangerous disease','No special precautions'),('C0028084','C0028084','This is a very dangerous disease','No special precautions'),('C0028643','C0028643','This is a very dangerous disease','No special precautions'),('C0028961','C0028961','This is a very dangerous disease','No special precautions'),('C0029053','C0029053','This is a very dangerous disease','No special precautions'),('C0030193','C0030193','This is a very dangerous disease','No special precautions'),('C0030232','C0030232','This is a very dangerous disease','No special precautions'),('C0030252','C0030252','This is a very dangerous disease','No special precautions'),('C0030318','C0030318','This is a very dangerous disease','No special precautions'),('C0030552','C0030552','This is a very dangerous disease','No special precautions'),('C0030554','C0030554','This is a very dangerous disease','No special precautions'),('C0032617','C0032617','This is a very dangerous disease','No special precautions'),('C0032781','C0032781','This is a very dangerous disease','No special precautions'),('C0033774','C0033774','This is a very dangerous disease','No special precautions'),('C0034079','C0034079','This is a very dangerous disease','No special precautions'),('C0034642','C0034642','This is a very dangerous disease','No special precautions'),('C0034880','C0034880','This is a very dangerous disease','No special precautions'),('C0035508','C0035508','This is a very dangerous disease','No special precautions'),('C0036396','C0036396','This is a very dangerous disease','No special precautions'),('C0036572','C0036572','This is a very dangerous disease','No special precautions'),('C0037383','C0037383','This is a very dangerous disease','No special precautions'),('C0037384','C0037384','This is a very dangerous disease','No special precautions'),('C0037580','C0037580','This is a very dangerous disease','No special precautions'),('C0037763','C0037763','This is a very dangerous disease','No special precautions'),('C0038002','C0038002','This is a very dangerous disease','No special precautions'),('C0038450','C0038450','This is a very dangerous disease','No special precautions'),('C0038990','C0038990','This is a very dangerous disease','No special precautions'),('C0038999','C0038999','This is a very dangerous disease','No special precautions'),('C0039070','C0039070','This is a very dangerous disease','No special precautions'),('C0040264','C0040264','This is a very dangerous disease','No special precautions'),('C0040822','C0040822','This is a very dangerous disease','No special precautions'),('C0041657','C0041657','This is a very dangerous disease','No special precautions'),('C0041667','C0041667','This is a very dangerous disease','No special precautions'),('C0041834','C0041834','This is a very dangerous disease','No special precautions'),('C0042571','C0042571','This is a very dangerous disease','No special precautions'),('C0042963','C0042963','This is a very dangerous disease','No special precautions'),('C0043094','C0043094','This is a very dangerous disease','No special precautions'),('C0043096','C0043096','This is a very dangerous disease','No special precautions'),('C0043144','C0043144','This is a very dangerous disease','No special precautions'),('C0085593','C0085593','This is a very dangerous disease','No special precautions'),('C0085602','C0085602','This is a very dangerous disease','No special precautions'),('C0085606','C0085606','This is a very dangerous disease','No special precautions'),('C0085619','C0085619','This is a very dangerous disease','No special precautions'),('C0085624','C0085624','This is a very dangerous disease','No special precautions'),('C0085628','C0085628','This is a very dangerous disease','No special precautions'),('C0085631','C0085631','This is a very dangerous disease','No special precautions'),('C0085632','C0085632','This is a very dangerous disease','No special precautions'),('C0085635','C0085635','This is a very dangerous disease','No special precautions'),('C0085636','C0085636','This is a very dangerous disease','No special precautions'),('C0085639','C0085639','This is a very dangerous disease','No special precautions'),('C0085702','C0085702','This is a very dangerous disease','No special precautions'),('C0086439','C0086439','This is a very dangerous disease','No special precautions'),('C0149696','C0149696','This is a very dangerous disease','No special precautions'),('C0149746','C0149746','This is a very dangerous disease','No special precautions'),('C0149758','C0149758','This is a very dangerous disease','No special precautions'),('C0150041','C0150041','This is a very dangerous disease','No special precautions'),('C0150045','C0150045','This is a very dangerous disease','No special precautions'),('C0151315','C0151315','This is a very dangerous disease','No special precautions'),('C0151706','C0151706','This is a very dangerous disease','No special precautions'),('C0151878','C0151878','This is a very dangerous disease','No special precautions'),('C0152032','C0152032','This is a very dangerous disease','No special precautions'),('C0156543','C0156543','This is a very dangerous disease','No special precautions'),('C0205254','C0205254','This is a very dangerous disease','No special precautions'),('C0205400','C0205400','This is a very dangerous disease','No special precautions'),('C0220870','C0220870','This is a very dangerous disease','No special precautions'),('C0221150','C0221150','This is a very dangerous disease','No special precautions'),('C0221151','C0221151','This is a very dangerous disease','No special precautions'),('C0221166','C0221166','This is a very dangerous disease','No special precautions'),('C0221198','C0221198','This is a very dangerous disease','No special precautions'),('C0221232','C0221232','This is a very dangerous disease','No special precautions'),('C0221470','C0221470','This is a very dangerous disease','No special precautions'),('C0231187','C0231187','This is a very dangerous disease','No special precautions'),('C0231218','C0231218','This is a very dangerous disease','No special precautions'),('C0231221','C0231221','This is a very dangerous disease','No special precautions'),('C0231230','C0231230','This is a very dangerous disease','No special precautions'),('C0231441','C0231441','This is a very dangerous disease','No special precautions'),('C0231528','C0231528','This is a very dangerous disease','No special precautions'),('C0231530','C0231530','This is a very dangerous disease','No special precautions'),('C0231690','C0231690','This is a very dangerous disease','No special precautions'),('C0231807','C0231807','This is a very dangerous disease','No special precautions'),('C0231835','C0231835','This is a very dangerous disease','No special precautions'),('C0231872','C0231872','This is a very dangerous disease','No special precautions'),('C0231890','C0231890','This is a very dangerous disease','No special precautions'),('C0232118','C0232118','This is a very dangerous disease','No special precautions'),('C0232201','C0232201','This is a very dangerous disease','No special precautions'),('C0232257','C0232257','This is a very dangerous disease','No special precautions'),('C0232258','C0232258','This is a very dangerous disease','No special precautions'),('C0232267','C0232267','This is a very dangerous disease','No special precautions'),('C0232292','C0232292','This is a very dangerous disease','No special precautions'),('C0232488','C0232488','This is a very dangerous disease','No special precautions'),('C0232498','C0232498','This is a very dangerous disease','No special precautions'),('C0232517','C0232517','This is a very dangerous disease','No special precautions'),('C0232602','C0232602','This is a very dangerous disease','No special precautions'),('C0232605','C0232605','This is a very dangerous disease','No special precautions'),('C0232695','C0232695','This is a very dangerous disease','No special precautions'),('C0232726','C0232726','This is a very dangerous disease','No special precautions'),('C0232766','C0232766','This is a very dangerous disease','No special precautions'),('C0232854','C0232854','This is a very dangerous disease','No special precautions'),('C0232894','C0232894','This is a very dangerous disease','No special precautions'),('C0232943','C0232943','This is a very dangerous disease','No special precautions'),('C0232995','C0232995','This is a very dangerous disease','No special precautions'),('C0232997','C0232997','This is a very dangerous disease','No special precautions'),('C0233070','C0233070','This is a very dangerous disease','No special precautions'),('C0233071','C0233071','This is a very dangerous disease','No special precautions'),('C0233308','C0233308','This is a very dangerous disease','No special precautions'),('C0233467','C0233467','This is a very dangerous disease','No special precautions'),('C0233481','C0233481','This is a very dangerous disease','No special precautions'),('C0233492','C0233492','This is a very dangerous disease','No special precautions'),('C0233565','C0233565','This is a very dangerous disease','No special precautions'),('C0233647','C0233647','This is a very dangerous disease','No special precautions'),('C0233762','C0233762','This is a very dangerous disease','No special precautions'),('C0233763','C0233763','This is a very dangerous disease','No special precautions'),('C0233844','C0233844','This is a very dangerous disease','No special precautions'),('C0234133','C0234133','This is a very dangerous disease','No special precautions'),('C0234215','C0234215','This is a very dangerous disease','No special precautions'),('C0234233','C0234233','This is a very dangerous disease','No special precautions'),('C0234238','C0234238','This is a very dangerous disease','No special precautions'),('C0234253','C0234253','This is a very dangerous disease','No special precautions'),('C0234379','C0234379','This is a very dangerous disease','No special precautions'),('C0234450','C0234450','This is a very dangerous disease','No special precautions'),('C0234518','C0234518','This is a very dangerous disease','No special precautions'),('C0234544','C0234544','This is a very dangerous disease','No special precautions'),('C0234866','C0234866','This is a very dangerous disease','No special precautions'),('C0234979','C0234979','This is a very dangerous disease','No special precautions'),('C0235129','C0235129','This is a very dangerous disease','No special precautions'),('C0235198','C0235198','This is a very dangerous disease','No special precautions'),('C0235231','C0235231','This is a very dangerous disease','No special precautions'),('C0235250','C0235250','This is a very dangerous disease','No special precautions'),('C0235396','C0235396','This is a very dangerous disease','No special precautions'),('C0235634','C0235634','This is a very dangerous disease','No special precautions'),('C0235710','C0235710','This is a very dangerous disease','No special precautions'),('C0236018','C0236018','This is a very dangerous disease','No special precautions'),('C0237154','C0237154','This is a very dangerous disease','No special precautions'),('C0237304','C0237304','This is a very dangerous disease','No special precautions'),('C0238705','C0238705','This is a very dangerous disease','No special precautions'),('C0238844','C0238844','This is a very dangerous disease','No special precautions'),('C0239110','C0239110','This is a very dangerous disease','No special precautions'),('C0239133','C0239133','This is a very dangerous disease','No special precautions'),('C0239134','C0239134','This is a very dangerous disease','No special precautions'),('C0239233','C0239233','This is a very dangerous disease','No special precautions'),('C0239301','C0239301','This is a very dangerous disease','No special precautions'),('C0239832','C0239832','This is a very dangerous disease','No special precautions'),('C0239981','C0239981','This is a very dangerous disease','No special precautions'),('C0240100','C0240100','This is a very dangerous disease','No special precautions'),('C0240233','C0240233','This is a very dangerous disease','No special precautions'),('C0240805','C0240805','This is a very dangerous disease','No special precautions'),('C0240813','C0240813','This is a very dangerous disease','No special precautions'),('C0240962','C0240962','This is a very dangerous disease','No special precautions'),('C0241157','C0241157','This is a very dangerous disease','No special precautions'),('C0241158','C0241158','This is a very dangerous disease','No special precautions'),('C0241235','C0241235','This is a very dangerous disease','No special precautions'),('C0241252','C0241252','This is a very dangerous disease','No special precautions'),('C0241526','C0241526','This is a very dangerous disease','No special precautions'),('C0241705','C0241705','This is a very dangerous disease','No special precautions'),('C0241938','C0241938','This is a very dangerous disease','No special precautions'),('C0242143','C0242143','This is a very dangerous disease','No special precautions'),('C0242429','C0242429','This is a very dangerous disease','No special precautions'),('C0242453','C0242453','This is a very dangerous disease','No special precautions'),('C0262581','C0262581','This is a very dangerous disease','No special precautions'),('C0264273','C0264273','This is a very dangerous disease','No special precautions'),('C0264576','C0264576','This is a very dangerous disease','No special precautions'),('C0270844','C0270844','This is a very dangerous disease','No special precautions'),('C0271202','C0271202','This is a very dangerous disease','No special precautions'),('C0271276','C0271276','This is a very dangerous disease','No special precautions'),('C0277794','C0277794','This is a very dangerous disease','No special precautions'),('C0277797','C0277797','This is a very dangerous disease','No special precautions'),('C0277823','C0277823','This is a very dangerous disease','No special precautions'),('C0277845','C0277845','This is a very dangerous disease','No special precautions'),('C0277873','C0277873','This is a very dangerous disease','No special precautions'),('C0277899','C0277899','This is a very dangerous disease','No special precautions'),('C0277977','C0277977','This is a very dangerous disease','No special precautions'),('C0278014','C0278014','This is a very dangerous disease','No special precautions'),('C0278141','C0278141','This is a very dangerous disease','No special precautions'),('C0278146','C0278146','This is a very dangerous disease','No special precautions'),('C0281825','C0281825','This is a very dangerous disease','No special precautions'),('C0311395','C0311395','This is a very dangerous disease','No special precautions'),('C0312422','C0312422','This is a very dangerous disease','No special precautions'),('C0332573','C0332573','This is a very dangerous disease','No special precautions'),('C0332575','C0332575','This is a very dangerous disease','No special precautions'),('C0332601','C0332601','This is a very dangerous disease','No special precautions'),('C0337672','C0337672','This is a very dangerous disease','No special precautions'),('C0338656','C0338656','This is a very dangerous disease','No special precautions'),('C0344232','C0344232','This is a very dangerous disease','No special precautions'),('C0344315','C0344315','This is a very dangerous disease','No special precautions'),('C0347938','C0347938','This is a very dangerous disease','No special precautions'),('C0376405','C0376405','This is a very dangerous disease','No special precautions'),('C0392162','C0392162','This is a very dangerous disease','No special precautions'),('C0392674','C0392674','This is a very dangerous disease','No special precautions'),('C0392680','C0392680','This is a very dangerous disease','No special precautions'),('C0392699','C0392699','This is a very dangerous disease','No special precautions'),('C0392701','C0392701','This is a very dangerous disease','No special precautions'),('C0423571','C0423571','This is a very dangerous disease','No special precautions'),('C0423982','C0423982','This is a very dangerous disease','No special precautions'),('C0424000','C0424000','This is a very dangerous disease','No special precautions'),('C0424068','C0424068','This is a very dangerous disease','No special precautions'),('C0424092','C0424092','This is a very dangerous disease','No special precautions'),('C0424109','C0424109','This is a very dangerous disease','No special precautions'),('C0424230','C0424230','This is a very dangerous disease','No special precautions'),('C0424295','C0424295','This is a very dangerous disease','No special precautions'),('C0424337','C0424337','This is a very dangerous disease','No special precautions'),('C0424530','C0424530','This is a very dangerous disease','No special precautions'),('C0424533','C0424533','This is a very dangerous disease','No special precautions'),('C0424749','C0424749','This is a very dangerous disease','No special precautions'),('C0424790','C0424790','This is a very dangerous disease','No special precautions'),('C0425251','C0425251','This is a very dangerous disease','No special precautions'),('C0425449','C0425449','This is a very dangerous disease','No special precautions'),('C0425488','C0425488','This is a very dangerous disease','No special precautions'),('C0425491','C0425491','This is a very dangerous disease','No special precautions'),('C0425560','C0425560','This is a very dangerous disease','No special precautions'),('C0427008','C0427008','This is a very dangerous disease','No special precautions'),('C0427055','C0427055','This is a very dangerous disease','No special precautions'),('C0427108','C0427108','This is a very dangerous disease','No special precautions'),('C0427629','C0427629','This is a very dangerous disease','No special precautions'),('C0428977','C0428977','This is a very dangerous disease','No special precautions'),('C0429091','C0429091','This is a very dangerous disease','No special precautions'),('C0429562','C0429562','This is a very dangerous disease','No special precautions'),('C0436331','C0436331','This is a very dangerous disease','No special precautions'),('C0438696','C0438696','This is a very dangerous disease','No special precautions'),('C0438716','C0438716','This is a very dangerous disease','No special precautions'),('C0442739','C0442739','This is a very dangerous disease','No special precautions'),('C0443260','C0443260','This is a very dangerous disease','No special precautions'),('C0455204','C0455204','This is a very dangerous disease','No special precautions'),('C0455769','C0455769','This is a very dangerous disease','No special precautions'),('C0456091','C0456091','This is a very dangerous disease','No special precautions'),('C0457096','C0457096','This is a very dangerous disease','No special precautions'),('C0457097','C0457097','This is a very dangerous disease','No special precautions'),('C0474395','C0474395','This is a very dangerous disease','No special precautions'),('C0474505','C0474505','This is a very dangerous disease','No special precautions'),('C0476273','C0476273','This is a very dangerous disease','No special precautions'),('C0476287','C0476287','This is a very dangerous disease','No special precautions'),('C0497406','C0497406','This is a very dangerous disease','No special precautions'),('C0520886','C0520886','This is a very dangerous disease','No special precautions'),('C0520887','C0520887','This is a very dangerous disease','No special precautions'),('C0520888','C0520888','This is a very dangerous disease','No special precautions'),('C0520966','C0520966','This is a very dangerous disease','No special precautions'),('C0521516','C0521516','This is a very dangerous disease','No special precautions'),('C0522224','C0522224','This is a very dangerous disease','No special precautions'),('C0522336','C0522336','This is a very dangerous disease','No special precautions'),('C0541798','C0541798','This is a very dangerous disease','No special precautions'),('C0541911','C0541911','This is a very dangerous disease','No special precautions'),('C0541992','C0541992','This is a very dangerous disease','No special precautions'),('C0542044','C0542044','This is a very dangerous disease','No special precautions'),('C0542073','C0542073','This is a very dangerous disease','No special precautions'),('C0549483','C0549483','This is a very dangerous disease','No special precautions'),('C0553668','C0553668','This is a very dangerous disease','No special precautions'),('C0554980','C0554980','This is a very dangerous disease','No special precautions'),('C0556346','C0556346','This is a very dangerous disease','No special precautions'),('C0557075','C0557075','This is a very dangerous disease','No special precautions'),('C0557875','C0557875','This is a very dangerous disease','No special precautions'),('C0558089','C0558089','This is a very dangerous disease','No special precautions'),('C0558141','C0558141','This is a very dangerous disease','No special precautions'),('C0558143','C0558143','This is a very dangerous disease','No special precautions'),('C0558195','C0558195','This is a very dangerous disease','No special precautions'),('C0558261','C0558261','This is a very dangerous disease','No special precautions'),('C0558361','C0558361','This is a very dangerous disease','No special precautions'),('C0559546','C0559546','This is a very dangerous disease','No special precautions'),('C0576456','C0576456','This is a very dangerous disease','No special precautions'),('C0577559','C0577559','This is a very dangerous disease','No special precautions'),('C0577979','C0577979','This is a very dangerous disease','No special precautions'),('C0578150','C0578150','This is a very dangerous disease','No special precautions'),('C0578859','C0578859','This is a very dangerous disease','No special precautions'),('C0581911','C0581911','This is a very dangerous disease','No special precautions'),('C0581912','C0581912','This is a very dangerous disease','No special precautions'),('C0600142','C0600142','This is a very dangerous disease','No special precautions'),('C0677500','C0677500','This is a very dangerous disease','No special precautions'),('C0694547','C0694547','This is a very dangerous disease','No special precautions'),('C0700292','C0700292','This is a very dangerous disease','No special precautions'),('C0700590','C0700590','This is a very dangerous disease','No special precautions'),('C0702118','C0702118','This is a very dangerous disease','No special precautions'),('C0728899','C0728899','This is a very dangerous disease','No special precautions'),('C0740844','C0740844','This is a very dangerous disease','No special precautions'),('C0740880','C0740880','This is a very dangerous disease','No special precautions'),('C0741302','C0741302','This is a very dangerous disease','No special precautions'),('C0742985','C0742985','This is a very dangerous disease','No special precautions'),('C0743482','C0743482','This is a very dangerous disease','No special precautions'),('C0744492','C0744492','This is a very dangerous disease','No special precautions'),('C0744727','C0744727','This is a very dangerous disease','No special precautions'),('C0744740','C0744740','This is a very dangerous disease','No special precautions'),('C0746619','C0746619','This is a very dangerous disease','No special precautions'),('C0748706','C0748706','This is a very dangerous disease','No special precautions'),('C0751229','C0751229','This is a very dangerous disease','No special precautions'),('C0751466','C0751466','This is a very dangerous disease','No special precautions'),('C0751495','C0751495','This is a very dangerous disease','No special precautions'),('C0847488','C0847488','This is a very dangerous disease','No special precautions'),('C0848168','C0848168','This is a very dangerous disease','No special precautions'),('C0848277','C0848277','This is a very dangerous disease','No special precautions'),('C0848340','C0848340','This is a very dangerous disease','No special precautions'),('C0848621','C0848621','This is a very dangerous disease','No special precautions'),('C0850149','C0850149','This is a very dangerous disease','No special precautions'),('C0856054','C0856054','This is a very dangerous disease','No special precautions'),('C0857087','C0857087','This is a very dangerous disease','No special precautions'),('C0857199','C0857199','This is a very dangerous disease','No special precautions'),('C0857256','C0857256','This is a very dangerous disease','No special precautions'),('C0857516','C0857516','This is a very dangerous disease','No special precautions'),('C0858924','C0858924','This is a very dangerous disease','No special precautions'),('C0859032','C0859032','This is a very dangerous disease','No special precautions'),('C0860096','C0860096','This is a very dangerous disease','No special precautions'),('C0871754','C0871754','This is a very dangerous disease','No special precautions'),('C0872410','C0872410','This is a very dangerous disease','No special precautions'),('C0877040','C0877040','This is a very dangerous disease','No special precautions'),('C0878661','C0878661','This is a very dangerous disease','No special precautions'),('C0879626','C0879626','This is a very dangerous disease','No special precautions'),('C0917799','C0917799','This is a very dangerous disease','No special precautions'),('C0917801','C0917801','This is a very dangerous disease','No special precautions'),('C0948786','C0948786','This is a very dangerous disease','No special precautions'),('C1096646','C1096646','This is a very dangerous disease','No special precautions'),('C1135120','C1135120','This is a very dangerous disease','No special precautions'),('C1167754','C1167754','This is a very dangerous disease','No special precautions'),('C1260880','C1260880','This is a very dangerous disease','No special precautions'),('C1269955','C1269955','This is a very dangerous disease','No special precautions'),('C1273573','C1273573','This is a very dangerous disease','No special precautions'),('C1291077','C1291077','This is a very dangerous disease','No special precautions'),('C1291692','C1291692','This is a very dangerous disease','No special precautions'),('C1299586','C1299586','This is a very dangerous disease','No special precautions'),('C1305739','C1305739','This is a very dangerous disease','No special precautions'),('C1313921','C1313921','This is a very dangerous disease','No special precautions'),('C1320716','C1320716','This is a very dangerous disease','No special precautions'),('C1321756','C1321756','This is a very dangerous disease','No special precautions'),('C1384489','C1384489','This is a very dangerous disease','No special precautions'),('C1384606','C1384606','This is a very dangerous disease','No special precautions'),('C1405524','C1405524','This is a very dangerous disease','No special precautions'),('C1444773','C1444773','This is a very dangerous disease','No special precautions'),('C1456822','C1456822','This is a very dangerous disease','No special precautions'),('C1511606','C1511606','This is a very dangerous disease','No special precautions'),('C1513183','C1513183','This is a very dangerous disease','No special precautions'),('C1517205','C1517205','This is a very dangerous disease','No special precautions');
/*!40000 ALTER TABLE `symptoms` ENABLE KEYS */;
UNLOCK TABLES;
/*!40103 SET TIME_ZONE=@OLD_TIME_ZONE */;

/*!40101 SET SQL_MODE=@OLD_SQL_MODE */;
/*!40014 SET FOREIGN_KEY_CHECKS=@OLD_FOREIGN_KEY_CHECKS */;
/*!40014 SET UNIQUE_CHECKS=@OLD_UNIQUE_CHECKS */;
/*!40101 SET CHARACTER_SET_CLIENT=@OLD_CHARACTER_SET_CLIENT */;
/*!40101 SET CHARACTER_SET_RESULTS=@OLD_CHARACTER_SET_RESULTS */;
/*!40101 SET COLLATION_CONNECTION=@OLD_COLLATION_CONNECTION */;
/*!40111 SET SQL_NOTES=@OLD_SQL_NOTES */;

-- Dump completed on 2020-01-13 23:17:04
